metric_month,product,billingCountry,customers_acquired,cancelled_customers,customer_base
2015-01-01,GURU,United States,4,,
2015-01-01,PRO,France,1,,
2015-01-01,BUSINESS,United Kingdom,2,,
2015-01-01,BUSINESS,United States,1,,
2015-01-01,PRO,India,2,,
2015-01-01,PRO,United Kingdom,2,,
2015-01-01,PRO,Canada,1,,
2015-01-01,PRO,United States,2,,
2015-02-01,GURU,France,2,,
2015-02-01,PRO,India,8,2,2
2015-02-01,PRO,India,8,2,1
2015-02-01,PRO,India,8,2,1
2015-02-01,PRO,India,8,2,2
2015-02-01,PRO,India,8,2,2
2015-02-01,GURU,United States,2,,
2015-02-01,PRO,United States,5,,
2015-02-01,BUSINESS,India,1,,
2015-02-01,GURU,India,2,,
2015-02-01,PRO,France,2,,
2015-02-01,PRO,Canada,2,1,2
2015-02-01,PRO,Canada,2,1,1
2015-02-01,PRO,Canada,2,1,1
2015-02-01,PRO,Canada,2,1,2
2015-02-01,PRO,Canada,2,1,2
2015-02-01,PRO,United Kingdom,9,,
2015-02-01,GURU,United Kingdom,6,,
2015-02-01,BUSINESS,United Kingdom,2,,
2015-02-01,GURU,Canada,1,,
2015-03-01,PRO,United States,16,2,10
2015-03-01,PRO,United States,16,2,3
2015-03-01,PRO,United States,16,2,8
2015-03-01,PRO,United States,16,2,7
2015-03-01,PRO,United States,16,2,2
2015-03-01,BUSINESS,India,2,1,1
2015-03-01,BUSINESS,India,2,1,5
2015-03-01,GURU,Canada,3,,
2015-03-01,PRO,United Kingdom,8,5,10
2015-03-01,PRO,United Kingdom,8,5,3
2015-03-01,PRO,United Kingdom,8,5,8
2015-03-01,PRO,United Kingdom,8,5,7
2015-03-01,PRO,United Kingdom,8,5,2
2015-03-01,GURU,United Kingdom,7,5,6
2015-03-01,GURU,United Kingdom,7,5,2
2015-03-01,GURU,United Kingdom,7,5,2
2015-03-01,GURU,United Kingdom,7,5,1
2015-03-01,GURU,United Kingdom,7,5,6
2015-03-01,PRO,Canada,2,1,10
2015-03-01,PRO,Canada,2,1,3
2015-03-01,PRO,Canada,2,1,8
2015-03-01,PRO,Canada,2,1,7
2015-03-01,PRO,Canada,2,1,2
2015-03-01,PRO,France,3,2,10
2015-03-01,PRO,France,3,2,3
2015-03-01,PRO,France,3,2,8
2015-03-01,PRO,France,3,2,7
2015-03-01,PRO,France,3,2,2
2015-03-01,BUSINESS,United States,2,,
2015-03-01,PRO,India,3,7,10
2015-03-01,PRO,India,3,7,3
2015-03-01,PRO,India,3,7,8
2015-03-01,PRO,India,3,7,7
2015-03-01,PRO,India,3,7,2
2015-03-01,GURU,United States,6,2,6
2015-03-01,GURU,United States,6,2,2
2015-03-01,GURU,United States,6,2,2
2015-03-01,GURU,United States,6,2,1
2015-03-01,GURU,United States,6,2,6
2015-03-01,GURU,India,3,2,6
2015-03-01,GURU,India,3,2,2
2015-03-01,GURU,India,3,2,2
2015-03-01,GURU,India,3,2,1
2015-03-01,GURU,India,3,2,6
2015-03-01,GURU,France,2,2,6
2015-03-01,GURU,France,2,2,2
2015-03-01,GURU,France,2,2,2
2015-03-01,GURU,France,2,2,1
2015-03-01,GURU,France,2,2,6
2015-03-01,BUSINESS,United Kingdom,3,1,1
2015-03-01,BUSINESS,United Kingdom,3,1,5
2015-04-01,GURU,France,8,2,10
2015-04-01,GURU,France,8,2,4
2015-04-01,GURU,France,8,2,8
2015-04-01,GURU,France,8,2,2
2015-04-01,GURU,France,8,2,3
2015-04-01,GURU,United States,9,4,10
2015-04-01,GURU,United States,9,4,4
2015-04-01,GURU,United States,9,4,8
2015-04-01,GURU,United States,9,4,2
2015-04-01,GURU,United States,9,4,3
2015-04-01,PRO,France,4,2,4
2015-04-01,PRO,France,4,2,21
2015-04-01,PRO,France,4,2,12
2015-04-01,PRO,France,4,2,4
2015-04-01,PRO,France,4,2,3
2015-04-01,GURU,India,0,2,10
2015-04-01,GURU,India,0,2,4
2015-04-01,GURU,India,0,2,8
2015-04-01,GURU,India,0,2,2
2015-04-01,GURU,India,0,2,3
2015-04-01,PRO,India,10,1,4
2015-04-01,PRO,India,10,1,21
2015-04-01,PRO,India,10,1,12
2015-04-01,PRO,India,10,1,4
2015-04-01,PRO,India,10,1,3
2015-04-01,PRO,United Kingdom,18,2,4
2015-04-01,PRO,United Kingdom,18,2,21
2015-04-01,PRO,United Kingdom,18,2,12
2015-04-01,PRO,United Kingdom,18,2,4
2015-04-01,PRO,United Kingdom,18,2,3
2015-04-01,BUSINESS,United Kingdom,3,1,2
2015-04-01,BUSINESS,United Kingdom,3,1,2
2015-04-01,BUSINESS,United Kingdom,3,1,8
2015-04-01,BUSINESS,India,1,1,2
2015-04-01,BUSINESS,India,1,1,2
2015-04-01,BUSINESS,India,1,1,8
2015-04-01,PRO,Canada,2,,
2015-04-01,BUSINESS,France,1,,
2015-04-01,GURU,United Kingdom,10,3,10
2015-04-01,GURU,United Kingdom,10,3,4
2015-04-01,GURU,United Kingdom,10,3,8
2015-04-01,GURU,United Kingdom,10,3,2
2015-04-01,GURU,United Kingdom,10,3,3
2015-04-01,PRO,United States,14,11,4
2015-04-01,PRO,United States,14,11,21
2015-04-01,PRO,United States,14,11,12
2015-04-01,PRO,United States,14,11,4
2015-04-01,PRO,United States,14,11,3
2015-04-01,BUSINESS,United States,3,2,2
2015-04-01,BUSINESS,United States,3,2,2
2015-04-01,BUSINESS,United States,3,2,8
2015-04-01,GURU,Canada,7,,
2015-05-01,GURU,France,3,2,15
2015-05-01,GURU,France,3,2,8
2015-05-01,GURU,France,3,2,1
2015-05-01,GURU,France,3,2,12
2015-05-01,GURU,France,3,2,15
2015-05-01,BUSINESS,United Kingdom,4,,
2015-05-01,BUSINESS,United States,4,2,1
2015-05-01,BUSINESS,United States,4,2,10
2015-05-01,BUSINESS,United States,4,2,3
2015-05-01,BUSINESS,United States,4,2,3
2015-05-01,PRO,France,2,4,28
2015-05-01,PRO,France,2,4,6
2015-05-01,PRO,France,2,4,4
2015-05-01,PRO,France,2,4,12
2015-05-01,PRO,France,2,4,24
2015-05-01,GURU,India,6,,
2015-05-01,PRO,India,14,2,28
2015-05-01,PRO,India,14,2,6
2015-05-01,PRO,India,14,2,4
2015-05-01,PRO,India,14,2,12
2015-05-01,PRO,India,14,2,24
2015-05-01,PRO,United Kingdom,23,11,28
2015-05-01,PRO,United Kingdom,23,11,6
2015-05-01,PRO,United Kingdom,23,11,4
2015-05-01,PRO,United Kingdom,23,11,12
2015-05-01,PRO,United Kingdom,23,11,24
2015-05-01,GURU,United States,14,2,15
2015-05-01,GURU,United States,14,2,8
2015-05-01,GURU,United States,14,2,1
2015-05-01,GURU,United States,14,2,12
2015-05-01,GURU,United States,14,2,15
2015-05-01,PRO,Canada,4,1,28
2015-05-01,PRO,Canada,4,1,6
2015-05-01,PRO,Canada,4,1,4
2015-05-01,PRO,Canada,4,1,12
2015-05-01,PRO,Canada,4,1,24
2015-05-01,BUSINESS,India,1,1,1
2015-05-01,BUSINESS,India,1,1,10
2015-05-01,BUSINESS,India,1,1,3
2015-05-01,BUSINESS,India,1,1,3
2015-05-01,GURU,Canada,5,4,15
2015-05-01,GURU,Canada,5,4,8
2015-05-01,GURU,Canada,5,4,1
2015-05-01,GURU,Canada,5,4,12
2015-05-01,GURU,Canada,5,4,15
2015-05-01,GURU,United Kingdom,9,7,15
2015-05-01,GURU,United Kingdom,9,7,8
2015-05-01,GURU,United Kingdom,9,7,1
2015-05-01,GURU,United Kingdom,9,7,12
2015-05-01,GURU,United Kingdom,9,7,15
2015-05-01,PRO,United States,17,10,28
2015-05-01,PRO,United States,17,10,6
2015-05-01,PRO,United States,17,10,4
2015-05-01,PRO,United States,17,10,12
2015-05-01,PRO,United States,17,10,24
2015-05-01,BUSINESS,France,1,1,1
2015-05-01,BUSINESS,France,1,1,10
2015-05-01,BUSINESS,France,1,1,3
2015-05-01,BUSINESS,France,1,1,3
2015-06-01,BUSINESS,United States,5,2,14
2015-06-01,BUSINESS,United States,5,2,5
2015-06-01,BUSINESS,United States,5,2,3
2015-06-01,BUSINESS,United States,5,2,1
2015-06-01,PRO,Canada,10,1,41
2015-06-01,PRO,Canada,10,1,5
2015-06-01,PRO,Canada,10,1,7
2015-06-01,PRO,Canada,10,1,24
2015-06-01,PRO,Canada,10,1,31
2015-06-01,GURU,India,11,3,27
2015-06-01,GURU,India,11,3,8
2015-06-01,GURU,India,11,3,7
2015-06-01,GURU,India,11,3,13
2015-06-01,GURU,India,11,3,16
2015-06-01,BUSINESS,United Kingdom,1,1,14
2015-06-01,BUSINESS,United Kingdom,1,1,5
2015-06-01,BUSINESS,United Kingdom,1,1,3
2015-06-01,BUSINESS,United Kingdom,1,1,1
2015-06-01,GURU,United States,9,9,27
2015-06-01,GURU,United States,9,9,8
2015-06-01,GURU,United States,9,9,7
2015-06-01,GURU,United States,9,9,13
2015-06-01,GURU,United States,9,9,16
2015-06-01,BUSINESS,Canada,0,,
2015-06-01,BUSINESS,France,1,,
2015-06-01,GURU,France,4,1,27
2015-06-01,GURU,France,4,1,8
2015-06-01,GURU,France,4,1,7
2015-06-01,GURU,France,4,1,13
2015-06-01,GURU,France,4,1,16
2015-06-01,PRO,United Kingdom,26,17,41
2015-06-01,PRO,United Kingdom,26,17,5
2015-06-01,PRO,United Kingdom,26,17,7
2015-06-01,PRO,United Kingdom,26,17,24
2015-06-01,PRO,United Kingdom,26,17,31
2015-06-01,BUSINESS,India,2,1,14
2015-06-01,BUSINESS,India,2,1,5
2015-06-01,BUSINESS,India,2,1,3
2015-06-01,BUSINESS,India,2,1,1
2015-06-01,PRO,India,12,10,41
2015-06-01,PRO,India,12,10,5
2015-06-01,PRO,India,12,10,7
2015-06-01,PRO,India,12,10,24
2015-06-01,PRO,India,12,10,31
2015-06-01,GURU,Canada,4,3,27
2015-06-01,GURU,Canada,4,3,8
2015-06-01,GURU,Canada,4,3,7
2015-06-01,GURU,Canada,4,3,13
2015-06-01,GURU,Canada,4,3,16
2015-06-01,PRO,France,5,3,41
2015-06-01,PRO,France,5,3,5
2015-06-01,PRO,France,5,3,7
2015-06-01,PRO,France,5,3,24
2015-06-01,PRO,France,5,3,31
2015-06-01,GURU,United Kingdom,12,9,27
2015-06-01,GURU,United Kingdom,12,9,8
2015-06-01,GURU,United Kingdom,12,9,7
2015-06-01,GURU,United Kingdom,12,9,13
2015-06-01,GURU,United Kingdom,12,9,16
2015-06-01,PRO,United States,20,13,41
2015-06-01,PRO,United States,20,13,5
2015-06-01,PRO,United States,20,13,7
2015-06-01,PRO,United States,20,13,24
2015-06-01,PRO,United States,20,13,31
2015-07-01,GURU,United States,10,6,21
2015-07-01,GURU,United States,10,6,11
2015-07-01,GURU,United States,10,6,14
2015-07-01,GURU,United States,10,6,25
2015-07-01,GURU,United States,10,6,10
2015-07-01,BUSINESS,United States,4,4,1
2015-07-01,BUSINESS,United States,4,4,9
2015-07-01,BUSINESS,United States,4,4,11
2015-07-01,BUSINESS,United States,4,4,4
2015-07-01,BUSINESS,United States,4,4,1
2015-07-01,PRO,United Kingdom,22,16,8
2015-07-01,PRO,United Kingdom,22,16,51
2015-07-01,PRO,United Kingdom,22,16,19
2015-07-01,PRO,United Kingdom,22,16,27
2015-07-01,PRO,United Kingdom,22,16,39
2015-07-01,BUSINESS,France,3,,
2015-07-01,GURU,United Kingdom,9,10,21
2015-07-01,GURU,United Kingdom,9,10,11
2015-07-01,GURU,United Kingdom,9,10,14
2015-07-01,GURU,United Kingdom,9,10,25
2015-07-01,GURU,Canada,5,2,21
2015-07-01,GURU,Canada,5,2,11
2015-07-01,GURU,Canada,5,2,14
2015-07-01,GURU,Canada,5,2,25
2015-07-01,GURU,Canada,5,2,10
2015-07-01,GURU,France,2,3,21
2015-07-01,GURU,France,2,3,11
2015-07-01,GURU,France,2,3,14
2015-07-01,GURU,France,2,3,25
2015-07-01,GURU,France,2,3,10
2015-07-01,PRO,Canada,11,5,8
2015-07-01,PRO,Canada,11,5,51
2015-07-01,PRO,Canada,11,5,19
2015-07-01,PRO,Canada,11,5,27
2015-07-01,PRO,Canada,11,5,39
2015-07-01,BUSINESS,India,3,2,1
2015-07-01,BUSINESS,India,3,2,9
2015-07-01,BUSINESS,India,3,2,11
2015-07-01,BUSINESS,India,3,2,4
2015-07-01,BUSINESS,India,3,2,1
2015-07-01,GURU,India,6,8,21
2015-07-01,GURU,India,6,8,11
2015-07-01,GURU,India,6,8,14
2015-07-01,GURU,India,6,8,25
2015-07-01,GURU,India,6,8,10
2015-07-01,PRO,France,8,3,8
2015-07-01,PRO,France,8,3,51
2015-07-01,PRO,France,8,3,19
2015-07-01,PRO,France,8,3,27
2015-07-01,PRO,France,8,3,39
2015-07-01,BUSINESS,United Kingdom,6,,
2015-07-01,PRO,India,18,11,8
2015-07-01,PRO,India,18,11,51
2015-07-01,PRO,India,18,11,19
2015-07-01,PRO,India,18,11,27
2015-07-01,PRO,India,18,11,39
2015-07-01,PRO,United States,31,13,8
2015-07-01,PRO,United States,31,13,51
2015-07-01,PRO,United States,31,13,19
2015-07-01,PRO,United States,31,13,27
2015-07-01,PRO,United States,31,13,39
2015-07-01,GURU,United Kingdom,9,10,10
2015-08-01,BUSINESS,Canada,2,,
2015-08-01,PRO,United States,34,22,36
2015-08-01,PRO,United States,34,22,25
2015-08-01,PRO,United States,34,22,59
2015-08-01,PRO,United States,34,22,13
2015-08-01,PRO,United States,34,22,56
2015-08-01,PRO,France,10,4,36
2015-08-01,PRO,France,10,4,25
2015-08-01,PRO,France,10,4,59
2015-08-01,PRO,France,10,4,13
2015-08-01,PRO,France,10,4,56
2015-08-01,GURU,India,15,5,10
2015-08-01,GURU,India,15,5,30
2015-08-01,GURU,India,15,5,18
2015-08-01,GURU,India,15,5,11
2015-08-01,GURU,India,15,5,13
2015-08-01,BUSINESS,United Kingdom,6,4,4
2015-08-01,BUSINESS,United Kingdom,6,4,4
2015-08-01,BUSINESS,United Kingdom,6,4,9
2015-08-01,BUSINESS,United Kingdom,6,4,17
2015-08-01,GURU,France,7,3,10
2015-08-01,GURU,France,7,3,30
2015-08-01,GURU,France,7,3,18
2015-08-01,GURU,France,7,3,11
2015-08-01,GURU,France,7,3,13
2015-08-01,BUSINESS,United States,6,2,4
2015-08-01,BUSINESS,United States,6,2,4
2015-08-01,BUSINESS,United States,6,2,9
2015-08-01,BUSINESS,United States,6,2,17
2015-08-01,GURU,Canada,6,5,10
2015-08-01,GURU,Canada,6,5,30
2015-08-01,GURU,Canada,6,5,18
2015-08-01,GURU,Canada,6,5,11
2015-08-01,GURU,Canada,6,5,13
2015-08-01,PRO,India,25,15,36
2015-08-01,PRO,India,25,15,25
2015-08-01,PRO,India,25,15,59
2015-08-01,PRO,India,25,15,13
2015-08-01,PRO,India,25,15,56
2015-08-01,GURU,United Kingdom,15,8,10
2015-08-01,GURU,United Kingdom,15,8,30
2015-08-01,GURU,United Kingdom,15,8,18
2015-08-01,GURU,United Kingdom,15,8,11
2015-08-01,GURU,United Kingdom,15,8,13
2015-08-01,PRO,United Kingdom,31,18,36
2015-08-01,PRO,United Kingdom,31,18,25
2015-08-01,PRO,United Kingdom,31,18,59
2015-08-01,PRO,United Kingdom,31,18,13
2015-08-01,PRO,United Kingdom,31,18,56
2015-08-01,PRO,Canada,10,7,36
2015-08-01,PRO,Canada,10,7,25
2015-08-01,PRO,Canada,10,7,59
2015-08-01,PRO,Canada,10,7,13
2015-08-01,PRO,Canada,10,7,56
2015-08-01,GURU,United States,10,4,10
2015-08-01,GURU,United States,10,4,30
2015-08-01,GURU,United States,10,4,18
2015-08-01,GURU,United States,10,4,11
2015-08-01,GURU,United States,10,4,13
2015-08-01,BUSINESS,France,0,2,4
2015-08-01,BUSINESS,France,0,2,4
2015-08-01,BUSINESS,France,0,2,9
2015-08-01,BUSINESS,France,0,2,17
2015-08-01,BUSINESS,India,4,3,4
2015-08-01,BUSINESS,India,4,3,4
2015-08-01,BUSINESS,India,4,3,9
2015-08-01,BUSINESS,India,4,3,17
2015-09-01,PRO,United Kingdom,37,16,28
2015-09-01,PRO,United Kingdom,37,16,45
2015-09-01,PRO,United Kingdom,37,16,19
2015-09-01,PRO,United Kingdom,37,16,69
2015-09-01,PRO,United Kingdom,37,16,69
2015-09-01,GURU,India,12,7,14
2015-09-01,GURU,India,12,7,22
2015-09-01,GURU,India,12,7,27
2015-09-01,GURU,India,12,7,14
2015-09-01,GURU,India,12,7,35
2015-09-01,PRO,United States,35,26,28
2015-09-01,PRO,United States,35,26,45
2015-09-01,PRO,United States,35,26,19
2015-09-01,PRO,United States,35,26,69
2015-09-01,PRO,United States,35,26,69
2015-09-01,GURU,United States,11,6,14
2015-09-01,GURU,United States,11,6,22
2015-09-01,GURU,United States,11,6,27
2015-09-01,GURU,United States,11,6,14
2015-09-01,GURU,United States,11,6,35
2015-09-01,PRO,Canada,8,9,28
2015-09-01,PRO,Canada,8,9,45
2015-09-01,PRO,Canada,8,9,19
2015-09-01,PRO,Canada,8,9,69
2015-09-01,PRO,Canada,8,9,69
2015-09-01,BUSINESS,United Kingdom,10,5,2
2015-09-01,BUSINESS,United Kingdom,10,5,13
2015-09-01,BUSINESS,United Kingdom,10,5,20
2015-09-01,BUSINESS,United Kingdom,10,5,2
2015-09-01,BUSINESS,United Kingdom,10,5,5
2015-09-01,GURU,France,12,4,14
2015-09-01,GURU,France,12,4,22
2015-09-01,GURU,France,12,4,27
2015-09-01,GURU,France,12,4,14
2015-09-01,GURU,France,12,4,35
2015-09-01,GURU,Canada,11,3,14
2015-09-01,GURU,Canada,11,3,22
2015-09-01,GURU,Canada,11,3,27
2015-09-01,GURU,Canada,11,3,14
2015-09-01,GURU,Canada,11,3,35
2015-09-01,BUSINESS,India,7,3,2
2015-09-01,BUSINESS,India,7,3,13
2015-09-01,BUSINESS,India,7,3,20
2015-09-01,BUSINESS,India,7,3,2
2015-09-01,BUSINESS,India,7,3,5
2015-09-01,GURU,United Kingdom,16,10,14
2015-09-01,GURU,United Kingdom,16,10,22
2015-09-01,GURU,United Kingdom,16,10,27
2015-09-01,GURU,United Kingdom,16,10,14
2015-09-01,GURU,United Kingdom,16,10,35
2015-09-01,PRO,India,24,19,28
2015-09-01,PRO,India,24,19,45
2015-09-01,PRO,India,24,19,19
2015-09-01,PRO,India,24,19,69
2015-09-01,PRO,India,24,19,69
2015-09-01,BUSINESS,France,1,,
2015-09-01,PRO,France,7,10,28
2015-09-01,PRO,France,7,10,45
2015-09-01,PRO,France,7,10,19
2015-09-01,PRO,France,7,10,69
2015-09-01,PRO,France,7,10,69
2015-09-01,BUSINESS,United States,6,7,2
2015-09-01,BUSINESS,United States,6,7,13
2015-09-01,BUSINESS,United States,6,7,20
2015-09-01,BUSINESS,United States,6,7,2
2015-09-01,BUSINESS,United States,6,7,5
2015-10-01,PRO,Canada,17,6,92
2015-10-01,PRO,Canada,17,6,76
2015-10-01,PRO,Canada,17,6,25
2015-10-01,PRO,Canada,17,6,50
2015-10-01,PRO,Canada,17,6,15
2015-10-01,BUSINESS,United Kingdom,3,9,3
2015-10-01,BUSINESS,United Kingdom,3,9,24
2015-10-01,BUSINESS,United Kingdom,3,9,8
2015-10-01,BUSINESS,United Kingdom,3,9,14
2015-10-01,GURU,India,20,11,32
2015-10-01,GURU,India,20,11,23
2015-10-01,GURU,India,20,11,28
2015-10-01,GURU,India,20,11,40
2015-10-01,GURU,India,20,11,24
2015-10-01,BUSINESS,United States,7,4,3
2015-10-01,BUSINESS,United States,7,4,24
2015-10-01,BUSINESS,United States,7,4,8
2015-10-01,BUSINESS,United States,7,4,14
2015-10-01,GURU,United States,19,7,32
2015-10-01,GURU,United States,19,7,23
2015-10-01,GURU,United States,19,7,28
2015-10-01,GURU,United States,19,7,40
2015-10-01,GURU,United States,19,7,24
2015-10-01,PRO,United Kingdom,44,30,92
2015-10-01,PRO,United Kingdom,44,30,76
2015-10-01,PRO,United Kingdom,44,30,25
2015-10-01,PRO,United Kingdom,44,30,50
2015-10-01,PRO,United Kingdom,44,30,15
2015-10-01,BUSINESS,Canada,3,,
2015-10-01,PRO,United States,47,23,92
2015-10-01,GURU,United Kingdom,31,9,32
2015-10-01,GURU,United Kingdom,31,9,23
2015-10-01,GURU,United Kingdom,31,9,28
2015-10-01,GURU,United Kingdom,31,9,40
2015-10-01,GURU,United Kingdom,31,9,24
2015-10-01,PRO,France,12,4,92
2015-10-01,PRO,France,12,4,76
2015-10-01,PRO,France,12,4,25
2015-10-01,PRO,France,12,4,50
2015-10-01,PRO,France,12,4,15
2015-10-01,BUSINESS,India,4,4,3
2015-10-01,BUSINESS,India,4,4,24
2015-10-01,BUSINESS,India,4,4,8
2015-10-01,BUSINESS,India,4,4,14
2015-10-01,PRO,India,27,18,92
2015-10-01,PRO,India,27,18,76
2015-10-01,PRO,India,27,18,25
2015-10-01,PRO,India,27,18,50
2015-10-01,PRO,India,27,18,15
2015-10-01,BUSINESS,France,2,1,3
2015-10-01,BUSINESS,France,2,1,24
2015-10-01,PRO,United States,47,23,76
2015-10-01,PRO,United States,47,23,25
2015-10-01,PRO,United States,47,23,50
2015-10-01,PRO,United States,47,23,15
2015-10-01,GURU,France,5,9,32
2015-10-01,GURU,France,5,9,23
2015-10-01,GURU,France,5,9,28
2015-10-01,GURU,France,5,9,40
2015-10-01,GURU,France,5,9,24
2015-10-01,GURU,Canada,10,6,32
2015-10-01,GURU,Canada,10,6,23
2015-10-01,GURU,Canada,10,6,28
2015-10-01,GURU,Canada,10,6,40
2015-10-01,GURU,Canada,10,6,24
2015-10-01,BUSINESS,France,2,1,8
2015-10-01,BUSINESS,France,2,1,14
2015-11-01,BUSINESS,France,4,2,19
2015-11-01,BUSINESS,France,4,2,16
2015-11-01,BUSINESS,France,4,2,3
2015-11-01,BUSINESS,France,4,2,7
2015-11-01,BUSINESS,France,4,2,4
2015-11-01,GURU,France,10,4,55
2015-11-01,GURU,France,10,4,19
2015-11-01,GURU,France,10,4,39
2015-11-01,GURU,France,10,4,50
2015-11-01,GURU,France,10,4,28
2015-11-01,GURU,United States,30,12,55
2015-11-01,GURU,United States,30,12,19
2015-11-01,GURU,United States,30,12,39
2015-11-01,GURU,United States,30,12,50
2015-11-01,GURU,United States,30,12,28
2015-11-01,PRO,India,42,18,36
2015-11-01,PRO,India,42,18,103
2015-11-01,PRO,India,42,18,104
2015-11-01,PRO,India,42,18,23
2015-11-01,PRO,India,42,18,58
2015-11-01,BUSINESS,United States,8,5,19
2015-11-01,BUSINESS,United States,8,5,16
2015-11-01,BUSINESS,United States,8,5,3
2015-11-01,BUSINESS,United States,8,5,7
2015-11-01,BUSINESS,United States,8,5,4
2015-11-01,GURU,India,17,13,55
2015-11-01,GURU,India,17,13,19
2015-11-01,GURU,India,17,13,39
2015-11-01,GURU,India,17,13,50
2015-11-01,GURU,India,17,13,28
2015-11-01,PRO,United States,37,33,36
2015-11-01,PRO,United States,37,33,103
2015-11-01,PRO,United States,37,33,104
2015-11-01,PRO,United States,37,33,23
2015-11-01,PRO,United States,37,33,58
2015-11-01,BUSINESS,India,4,4,19
2015-11-01,BUSINESS,India,4,4,16
2015-11-01,BUSINESS,India,4,4,3
2015-11-01,BUSINESS,India,4,4,7
2015-11-01,BUSINESS,India,4,4,4
2015-11-01,PRO,France,17,10,36
2015-11-01,PRO,France,17,10,103
2015-11-01,PRO,France,17,10,104
2015-11-01,PRO,France,17,10,23
2015-11-01,PRO,France,17,10,58
2015-11-01,PRO,Canada,10,10,36
2015-11-01,PRO,Canada,10,10,103
2015-11-01,PRO,Canada,10,10,104
2015-11-01,PRO,Canada,10,10,23
2015-11-01,PRO,Canada,10,10,58
2015-11-01,PRO,United Kingdom,51,24,36
2015-11-01,PRO,United Kingdom,51,24,103
2015-11-01,PRO,United Kingdom,51,24,104
2015-11-01,PRO,United Kingdom,51,24,23
2015-11-01,PRO,United Kingdom,51,24,58
2015-11-01,GURU,United Kingdom,25,23,55
2015-11-01,GURU,United Kingdom,25,23,19
2015-11-01,GURU,United Kingdom,25,23,39
2015-11-01,GURU,United Kingdom,25,23,50
2015-11-01,GURU,United Kingdom,25,23,28
2015-11-01,BUSINESS,United Kingdom,6,4,19
2015-11-01,BUSINESS,United Kingdom,6,4,16
2015-11-01,BUSINESS,United Kingdom,6,4,3
2015-11-01,BUSINESS,United Kingdom,6,4,7
2015-11-01,BUSINESS,United Kingdom,6,4,4
2015-11-01,GURU,Canada,6,9,55
2015-11-01,GURU,Canada,6,9,19
2015-11-01,GURU,Canada,6,9,39
2015-11-01,GURU,Canada,6,9,50
2015-11-01,GURU,Canada,6,9,28
2015-11-01,BUSINESS,Canada,4,2,19
2015-11-01,BUSINESS,Canada,4,2,16
2015-11-01,BUSINESS,Canada,4,2,3
2015-11-01,BUSINESS,Canada,4,2,7
2015-11-01,BUSINESS,Canada,4,2,4
2015-12-01,BUSINESS,Canada,2,2,20
2015-12-01,BUSINESS,Canada,2,2,6
2015-12-01,BUSINESS,Canada,2,2,7
2015-12-01,BUSINESS,Canada,2,2,5
2015-12-01,BUSINESS,Canada,2,2,21
2015-12-01,PRO,United States,40,33,127
2015-12-01,PRO,United States,40,33,30
2015-12-01,PRO,United States,40,33,83
2015-12-01,PRO,United States,40,33,112
2015-12-01,PRO,United States,40,33,37
2015-12-01,BUSINESS,France,3,2,20
2015-12-01,BUSINESS,France,3,2,6
2015-12-01,BUSINESS,France,3,2,7
2015-12-01,BUSINESS,France,3,2,5
2015-12-01,BUSINESS,France,3,2,21
2015-12-01,BUSINESS,India,4,1,20
2015-12-01,BUSINESS,India,4,1,6
2015-12-01,BUSINESS,India,4,1,7
2015-12-01,BUSINESS,India,4,1,5
2015-12-01,BUSINESS,India,4,1,21
2015-12-01,GURU,United Kingdom,24,17,62
2015-12-01,GURU,United Kingdom,24,17,25
2015-12-01,GURU,United Kingdom,24,17,42
2015-12-01,GURU,United Kingdom,24,17,24
2015-12-01,GURU,United Kingdom,24,17,61
2015-12-01,PRO,France,11,10,127
2015-12-01,PRO,France,11,10,30
2015-12-01,PRO,France,11,10,83
2015-12-01,PRO,France,11,10,112
2015-12-01,PRO,France,11,10,37
2015-12-01,BUSINESS,United States,6,5,20
2015-12-01,BUSINESS,United States,6,5,6
2015-12-01,BUSINESS,United States,6,5,7
2015-12-01,BUSINESS,United States,6,5,5
2015-12-01,BUSINESS,United States,6,5,21
2015-12-01,GURU,Canada,8,7,62
2015-12-01,GURU,Canada,8,7,25
2015-12-01,GURU,Canada,8,7,42
2015-12-01,GURU,Canada,8,7,24
2015-12-01,PRO,United Kingdom,53,34,127
2015-12-01,PRO,United Kingdom,53,34,30
2015-12-01,PRO,United Kingdom,53,34,83
2015-12-01,PRO,United Kingdom,53,34,112
2015-12-01,PRO,United Kingdom,53,34,37
2015-12-01,GURU,France,3,7,62
2015-12-01,GURU,France,3,7,25
2015-12-01,GURU,France,3,7,42
2015-12-01,GURU,France,3,7,24
2015-12-01,GURU,France,3,7,61
2015-12-01,BUSINESS,United Kingdom,7,5,20
2015-12-01,BUSINESS,United Kingdom,7,5,6
2015-12-01,BUSINESS,United Kingdom,7,5,7
2015-12-01,BUSINESS,United Kingdom,7,5,5
2015-12-01,BUSINESS,United Kingdom,7,5,21
2015-12-01,GURU,United States,26,16,62
2015-12-01,GURU,United States,26,16,25
2015-12-01,GURU,United States,26,16,42
2015-12-01,GURU,United States,26,16,24
2015-12-01,GURU,United States,26,16,61
2015-12-01,PRO,Canada,15,8,127
2015-12-01,PRO,Canada,15,8,30
2015-12-01,PRO,Canada,15,8,83
2015-12-01,PRO,Canada,15,8,112
2015-12-01,PRO,Canada,15,8,37
2015-12-01,GURU,India,10,15,62
2015-12-01,GURU,India,10,15,25
2015-12-01,GURU,India,10,15,42
2015-12-01,GURU,India,10,15,24
2015-12-01,GURU,India,10,15,61
2015-12-01,GURU,Canada,8,7,61
2015-12-01,PRO,India,24,26,127
2015-12-01,PRO,India,24,26,30
2015-12-01,PRO,India,24,26,83
2015-12-01,PRO,India,24,26,112
2015-12-01,PRO,India,24,26,37
2016-01-01,GURU,United Kingdom,29,21,71
2016-01-01,GURU,United Kingdom,29,21,21
2016-01-01,GURU,United Kingdom,29,21,40
2016-01-01,GURU,United Kingdom,29,21,25
2016-01-01,GURU,United Kingdom,29,21,67
2016-01-01,PRO,India,45,19,147
2016-01-01,PRO,India,45,19,44
2016-01-01,PRO,India,45,19,118
2016-01-01,PRO,India,45,19,81
2016-01-01,PRO,India,45,19,33
2016-01-01,BUSINESS,India,7,2,7
2016-01-01,BUSINESS,India,7,2,5
2016-01-01,BUSINESS,India,7,2,23
2016-01-01,BUSINESS,India,7,2,5
2016-01-01,BUSINESS,India,7,2,23
2016-01-01,GURU,Canada,11,4,71
2016-01-01,GURU,Canada,11,4,21
2016-01-01,GURU,Canada,11,4,40
2016-01-01,GURU,Canada,11,4,25
2016-01-01,GURU,Canada,11,4,67
2016-01-01,PRO,France,18,14,147
2016-01-01,PRO,France,18,14,44
2016-01-01,PRO,France,18,14,118
2016-01-01,PRO,France,18,14,81
2016-01-01,PRO,France,18,14,33
2016-01-01,BUSINESS,France,3,2,7
2016-01-01,BUSINESS,France,3,2,5
2016-01-01,BUSINESS,France,3,2,23
2016-01-01,BUSINESS,France,3,2,5
2016-01-01,BUSINESS,France,3,2,23
2016-01-01,PRO,Canada,19,13,147
2016-01-01,PRO,Canada,19,13,44
2016-01-01,PRO,Canada,19,13,118
2016-01-01,PRO,Canada,19,13,81
2016-01-01,PRO,Canada,19,13,33
2016-01-01,BUSINESS,Canada,2,2,7
2016-01-01,BUSINESS,Canada,2,2,5
2016-01-01,BUSINESS,Canada,2,2,23
2016-01-01,BUSINESS,Canada,2,2,5
2016-01-01,BUSINESS,Canada,2,2,23
2016-01-01,BUSINESS,United Kingdom,14,7,7
2016-01-01,BUSINESS,United Kingdom,14,7,5
2016-01-01,BUSINESS,United Kingdom,14,7,23
2016-01-01,BUSINESS,United Kingdom,14,7,5
2016-01-01,BUSINESS,United Kingdom,14,7,23
2016-01-01,PRO,United Kingdom,72,37,147
2016-01-01,PRO,United Kingdom,72,37,44
2016-01-01,PRO,United Kingdom,72,37,118
2016-01-01,PRO,United Kingdom,72,37,81
2016-01-01,PRO,United Kingdom,72,37,33
2016-01-01,GURU,United States,31,18,71
2016-01-01,GURU,United States,31,18,21
2016-01-01,GURU,United States,31,18,40
2016-01-01,GURU,United States,31,18,25
2016-01-01,GURU,United States,31,18,67
2016-01-01,PRO,United States,53,34,147
2016-01-01,PRO,United States,53,34,44
2016-01-01,PRO,United States,53,34,118
2016-01-01,PRO,United States,53,34,81
2016-01-01,PRO,United States,53,34,33
2016-01-01,BUSINESS,United States,13,5,7
2016-01-01,BUSINESS,United States,13,5,5
2016-01-01,BUSINESS,United States,13,5,23
2016-01-01,BUSINESS,United States,13,5,5
2016-01-01,BUSINESS,United States,13,5,23
2016-01-01,GURU,France,14,4,71
2016-01-01,GURU,France,14,4,21
2016-01-01,GURU,France,14,4,40
2016-01-01,GURU,France,14,4,25
2016-01-01,GURU,France,14,4,67
2016-01-01,GURU,India,16,9,71
2016-01-01,GURU,India,16,9,21
2016-01-01,GURU,India,16,9,40
2016-01-01,GURU,India,16,9,25
2016-01-01,GURU,India,16,9,67
2016-02-01,PRO,Canada,26,14,51
2016-02-01,PRO,Canada,26,14,108
2016-02-01,PRO,Canada,26,14,179
2016-02-01,PRO,Canada,26,14,37
2016-02-01,PRO,Canada,26,14,140
2016-02-01,BUSINESS,Canada,3,,
2016-02-01,GURU,India,20,11,78
2016-02-01,GURU,India,20,11,30
2016-02-01,GURU,India,20,11,79
2016-02-01,GURU,India,20,11,45
2016-02-01,GURU,India,20,11,31
2016-02-01,PRO,United Kingdom,103,51,51
2016-02-01,PRO,United Kingdom,103,51,108
2016-02-01,PRO,United Kingdom,103,51,179
2016-02-01,PRO,United Kingdom,103,51,37
2016-02-01,PRO,United Kingdom,103,51,140
2016-02-01,GURU,France,15,7,78
2016-02-01,GURU,France,15,7,30
2016-02-01,GURU,France,15,7,79
2016-02-01,GURU,France,15,7,45
2016-02-01,GURU,France,15,7,31
2016-02-01,GURU,Canada,19,8,78
2016-02-01,GURU,Canada,19,8,30
2016-02-01,GURU,Canada,19,8,79
2016-02-01,GURU,Canada,19,8,45
2016-02-01,GURU,Canada,19,8,31
2016-02-01,BUSINESS,United Kingdom,10,9,6
2016-02-01,BUSINESS,United Kingdom,10,9,13
2016-02-01,BUSINESS,United Kingdom,10,9,30
2016-02-01,BUSINESS,United Kingdom,10,9,6
2016-02-01,BUSINESS,United Kingdom,10,9,33
2016-02-01,GURU,United Kingdom,53,18,78
2016-02-01,GURU,United Kingdom,53,18,30
2016-02-01,GURU,United Kingdom,53,18,79
2016-02-01,GURU,United Kingdom,53,18,45
2016-02-01,GURU,United Kingdom,53,18,31
2016-02-01,BUSINESS,India,12,6,6
2016-02-01,BUSINESS,India,12,6,13
2016-02-01,BUSINESS,India,12,6,30
2016-02-01,BUSINESS,India,12,6,6
2016-02-01,BUSINESS,India,12,6,33
2016-02-01,PRO,United States,94,38,51
2016-02-01,PRO,United States,94,38,108
2016-02-01,PRO,United States,94,38,179
2016-02-01,PRO,United States,94,38,37
2016-02-01,PRO,United States,94,38,140
2016-02-01,BUSINESS,France,4,3,6
2016-02-01,BUSINESS,France,4,3,13
2016-02-01,BUSINESS,France,4,3,30
2016-02-01,BUSINESS,France,4,3,6
2016-02-01,BUSINESS,France,4,3,33
2016-02-01,GURU,United States,39,23,78
2016-02-01,GURU,United States,39,23,30
2016-02-01,GURU,United States,39,23,79
2016-02-01,GURU,United States,39,23,45
2016-02-01,GURU,United States,39,23,31
2016-02-01,PRO,India,50,33,51
2016-02-01,PRO,India,50,33,108
2016-02-01,PRO,India,50,33,179
2016-02-01,PRO,India,50,33,37
2016-02-01,PRO,India,50,33,140
2016-02-01,PRO,France,23,11,51
2016-02-01,PRO,France,23,11,108
2016-02-01,PRO,France,23,11,179
2016-02-01,PRO,France,23,11,37
2016-02-01,PRO,France,23,11,140
2016-02-01,BUSINESS,United States,12,10,6
2016-02-01,BUSINESS,United States,12,10,13
2016-02-01,BUSINESS,United States,12,10,30
2016-02-01,BUSINESS,United States,12,10,6
2016-02-01,BUSINESS,United States,12,10,33
2016-03-01,GURU,United States,32,23,42
2016-03-01,GURU,United States,32,23,52
2016-03-01,GURU,United States,32,23,114
2016-03-01,GURU,United States,32,23,39
2016-03-01,GURU,United States,32,23,97
2016-03-01,BUSINESS,France,3,1,7
2016-03-01,BUSINESS,France,3,1,30
2016-03-01,BUSINESS,France,3,1,10
2016-03-01,BUSINESS,France,3,1,18
2016-03-01,BUSINESS,France,3,1,36
2016-03-01,PRO,Canada,30,19,193
2016-03-01,PRO,Canada,30,19,61
2016-03-01,PRO,Canada,30,19,231
2016-03-01,PRO,Canada,30,19,49
2016-03-01,PRO,Canada,30,19,128
2016-03-01,GURU,United Kingdom,42,41,42
2016-03-01,GURU,United Kingdom,42,41,52
2016-03-01,GURU,United Kingdom,42,41,114
2016-03-01,GURU,United Kingdom,42,41,39
2016-03-01,GURU,United Kingdom,42,41,97
2016-03-01,BUSINESS,India,10,7,7
2016-03-01,BUSINESS,India,10,7,30
2016-03-01,BUSINESS,India,10,7,10
2016-03-01,BUSINESS,India,10,7,18
2016-03-01,BUSINESS,India,10,7,36
2016-03-01,GURU,Canada,20,13,42
2016-03-01,GURU,Canada,20,13,52
2016-03-01,GURU,Canada,20,13,114
2016-03-01,GURU,Canada,20,13,39
2016-03-01,GURU,Canada,20,13,97
2016-03-01,BUSINESS,United States,12,9,7
2016-03-01,BUSINESS,United States,12,9,30
2016-03-01,BUSINESS,United States,12,9,10
2016-03-01,BUSINESS,United States,12,9,18
2016-03-01,BUSINESS,United States,12,9,36
2016-03-01,GURU,France,6,10,42
2016-03-01,GURU,France,6,10,52
2016-03-01,GURU,France,6,10,114
2016-03-01,GURU,France,6,10,39
2016-03-01,GURU,France,6,10,97
2016-03-01,PRO,United Kingdom,75,66,193
2016-03-01,PRO,United Kingdom,75,66,61
2016-03-01,PRO,United Kingdom,75,66,231
2016-03-01,PRO,United Kingdom,75,66,49
2016-03-01,PRO,United Kingdom,75,66,128
2016-03-01,GURU,India,34,13,42
2016-03-01,GURU,India,34,13,52
2016-03-01,GURU,India,34,13,114
2016-03-01,GURU,India,34,13,39
2016-03-01,GURU,India,34,13,97
2016-03-01,PRO,India,59,34,193
2016-03-01,PRO,India,59,34,61
2016-03-01,PRO,India,59,34,231
2016-03-01,PRO,India,59,34,49
2016-03-01,PRO,India,59,34,128
2016-03-01,PRO,France,27,17,193
2016-03-01,PRO,France,27,17,61
2016-03-01,PRO,France,27,17,231
2016-03-01,PRO,France,27,17,49
2016-03-01,PRO,France,27,17,128
2016-03-01,BUSINESS,Canada,3,3,7
2016-03-01,BUSINESS,Canada,3,3,30
2016-03-01,BUSINESS,Canada,3,3,10
2016-03-01,BUSINESS,Canada,3,3,18
2016-03-01,BUSINESS,Canada,3,3,36
2016-03-01,BUSINESS,United Kingdom,11,6,7
2016-03-01,BUSINESS,United Kingdom,11,6,30
2016-03-01,BUSINESS,United Kingdom,11,6,10
2016-03-01,BUSINESS,United Kingdom,11,6,18
2016-03-01,BUSINESS,United Kingdom,11,6,36
2016-03-01,PRO,United States,80,62,193
2016-03-01,PRO,United States,80,62,61
2016-03-01,PRO,United States,80,62,231
2016-03-01,PRO,United States,80,62,49
2016-03-01,PRO,United States,80,62,128
2016-04-01,BUSINESS,United Kingdom,15,9,38
2016-04-01,BUSINESS,United Kingdom,15,9,10
2016-04-01,BUSINESS,United Kingdom,15,9,21
2016-04-01,BUSINESS,United Kingdom,15,9,10
2016-04-01,BUSINESS,United Kingdom,15,9,36
2016-04-01,PRO,United States,90,58,59
2016-04-01,PRO,United States,90,58,240
2016-04-01,PRO,United States,90,58,73
2016-04-01,PRO,United States,90,58,150
2016-04-01,PRO,United States,90,58,209
2016-04-01,PRO,France,29,19,59
2016-04-01,PRO,France,29,19,240
2016-04-01,PRO,France,29,19,73
2016-04-01,PRO,France,29,19,150
2016-04-01,GURU,France,9,7,34
2016-04-01,GURU,France,9,7,109
2016-04-01,PRO,India,55,47,59
2016-04-01,PRO,India,55,47,240
2016-04-01,PRO,India,55,47,73
2016-04-01,PRO,India,55,47,150
2016-04-01,PRO,India,55,47,209
2016-04-01,GURU,United Kingdom,43,27,34
2016-04-01,GURU,United Kingdom,43,27,109
2016-04-01,GURU,United Kingdom,43,27,114
2016-04-01,GURU,United Kingdom,43,27,76
2016-04-01,GURU,United Kingdom,43,27,48
2016-04-01,PRO,United Kingdom,93,55,59
2016-04-01,PRO,United Kingdom,93,55,240
2016-04-01,PRO,United Kingdom,93,55,73
2016-04-01,PRO,United Kingdom,93,55,150
2016-04-01,GURU,France,9,7,114
2016-04-01,GURU,France,9,7,76
2016-04-01,GURU,France,9,7,48
2016-04-01,GURU,Canada,13,21,34
2016-04-01,GURU,Canada,13,21,109
2016-04-01,GURU,Canada,13,21,114
2016-04-01,GURU,Canada,13,21,76
2016-04-01,GURU,Canada,13,21,48
2016-04-01,PRO,United Kingdom,93,55,209
2016-04-01,PRO,Canada,28,22,59
2016-04-01,PRO,Canada,28,22,240
2016-04-01,PRO,Canada,28,22,73
2016-04-01,PRO,Canada,28,22,150
2016-04-01,PRO,Canada,28,22,209
2016-04-01,GURU,United States,44,31,34
2016-04-01,GURU,United States,44,31,109
2016-04-01,GURU,United States,44,31,114
2016-04-01,GURU,United States,44,31,76
2016-04-01,GURU,United States,44,31,48
2016-04-01,BUSINESS,India,12,10,38
2016-04-01,BUSINESS,India,12,10,10
2016-04-01,BUSINESS,India,12,10,21
2016-04-01,BUSINESS,India,12,10,10
2016-04-01,BUSINESS,India,12,10,36
2016-04-01,BUSINESS,France,4,4,38
2016-04-01,BUSINESS,France,4,4,10
2016-04-01,BUSINESS,France,4,4,21
2016-04-01,BUSINESS,France,4,4,10
2016-04-01,PRO,France,29,19,209
2016-04-01,GURU,India,33,25,34
2016-04-01,GURU,India,33,25,109
2016-04-01,GURU,India,33,25,114
2016-04-01,GURU,India,33,25,76
2016-04-01,GURU,India,33,25,48
2016-04-01,BUSINESS,United States,14,7,38
2016-04-01,BUSINESS,United States,14,7,10
2016-04-01,BUSINESS,United States,14,7,21
2016-04-01,BUSINESS,United States,14,7,10
2016-04-01,BUSINESS,United States,14,7,36
2016-04-01,BUSINESS,Canada,5,3,38
2016-04-01,BUSINESS,Canada,5,3,10
2016-04-01,BUSINESS,Canada,5,3,21
2016-04-01,BUSINESS,Canada,5,3,10
2016-04-01,BUSINESS,Canada,5,3,36
2016-04-01,BUSINESS,France,4,4,36
2016-05-01,BUSINESS,United States,16,11,40
2016-05-01,BUSINESS,United States,16,11,42
2016-05-01,BUSINESS,United States,16,11,11
2016-05-01,BUSINESS,United States,16,11,23
2016-05-01,BUSINESS,United States,16,11,12
2016-05-01,PRO,France,28,19,79
2016-05-01,PRO,France,28,19,156
2016-05-01,PRO,France,28,19,71
2016-05-01,PRO,France,28,19,240
2016-05-01,PRO,France,28,19,283
2016-05-01,PRO,United States,104,69,79
2016-05-01,PRO,United States,104,69,156
2016-05-01,PRO,United States,104,69,71
2016-05-01,PRO,United States,104,69,240
2016-05-01,PRO,United States,104,69,283
2016-05-01,GURU,Canada,10,11,41
2016-05-01,GURU,Canada,10,11,86
2016-05-01,GURU,Canada,10,11,127
2016-05-01,GURU,Canada,10,11,32
2016-05-01,GURU,Canada,10,11,126
2016-05-01,BUSINESS,United Kingdom,15,10,40
2016-05-01,BUSINESS,United Kingdom,15,10,42
2016-05-01,BUSINESS,United Kingdom,15,10,11
2016-05-01,BUSINESS,United Kingdom,15,10,23
2016-05-01,BUSINESS,United Kingdom,15,10,12
2016-05-01,PRO,India,67,45,79
2016-05-01,PRO,India,67,45,156
2016-05-01,PRO,India,67,45,71
2016-05-01,PRO,India,67,45,240
2016-05-01,PRO,India,67,45,283
2016-05-01,GURU,United States,43,34,41
2016-05-01,GURU,United States,43,34,86
2016-05-01,GURU,United States,43,34,127
2016-05-01,GURU,United States,43,34,32
2016-05-01,GURU,United States,43,34,126
2016-05-01,GURU,United Kingdom,54,29,41
2016-05-01,GURU,United Kingdom,54,29,86
2016-05-01,GURU,United Kingdom,54,29,127
2016-05-01,GURU,United Kingdom,54,29,32
2016-05-01,GURU,United Kingdom,54,29,126
2016-05-01,PRO,United Kingdom,102,76,79
2016-05-01,PRO,United Kingdom,102,76,156
2016-05-01,PRO,United Kingdom,102,76,71
2016-05-01,PRO,United Kingdom,102,76,240
2016-05-01,PRO,United Kingdom,102,76,283
2016-05-01,PRO,Canada,33,25,79
2016-05-01,PRO,Canada,33,25,156
2016-05-01,PRO,Canada,33,25,71
2016-05-01,PRO,Canada,33,25,240
2016-05-01,BUSINESS,Canada,3,1,40
2016-05-01,BUSINESS,Canada,3,1,42
2016-05-01,BUSINESS,Canada,3,1,11
2016-05-01,BUSINESS,Canada,3,1,23
2016-05-01,BUSINESS,Canada,3,1,12
2016-05-01,GURU,India,27,22,41
2016-05-01,GURU,India,27,22,86
2016-05-01,GURU,India,27,22,127
2016-05-01,GURU,India,27,22,32
2016-05-01,GURU,India,27,22,126
2016-05-01,BUSINESS,France,4,3,40
2016-05-01,BUSINESS,France,4,3,42
2016-05-01,BUSINESS,France,4,3,11
2016-05-01,BUSINESS,France,4,3,23
2016-05-01,BUSINESS,France,4,3,12
2016-05-01,GURU,France,21,7,41
2016-05-01,GURU,France,21,7,86
2016-05-01,GURU,France,21,7,127
2016-05-01,GURU,France,21,7,32
2016-05-01,GURU,France,21,7,126
2016-05-01,BUSINESS,India,11,9,40
2016-05-01,BUSINESS,India,11,9,42
2016-05-01,BUSINESS,India,11,9,11
2016-05-01,BUSINESS,India,11,9,23
2016-05-01,BUSINESS,India,11,9,12
2016-05-01,PRO,Canada,33,25,283
2016-06-01,PRO,India,65,50,273
2016-06-01,PRO,India,65,50,81
2016-06-01,PRO,India,65,50,182
2016-06-01,PRO,India,65,50,86
2016-06-01,PRO,India,65,50,308
2016-06-01,BUSINESS,India,13,6,12
2016-06-01,BUSINESS,India,13,6,50
2016-06-01,BUSINESS,India,13,6,42
2016-06-01,BUSINESS,India,13,6,24
2016-06-01,BUSINESS,India,13,6,13
2016-06-01,GURU,India,25,21,88
2016-06-01,GURU,India,25,21,41
2016-06-01,GURU,India,25,21,46
2016-06-01,GURU,India,25,21,156
2016-06-01,GURU,India,25,21,134
2016-06-01,PRO,France,18,25,273
2016-06-01,PRO,France,18,25,81
2016-06-01,PRO,France,18,25,182
2016-06-01,PRO,France,18,25,86
2016-06-01,PRO,France,18,25,308
2016-06-01,BUSINESS,France,3,5,12
2016-06-01,BUSINESS,France,3,5,50
2016-06-01,BUSINESS,France,3,5,42
2016-06-01,BUSINESS,France,3,5,24
2016-06-01,BUSINESS,France,3,5,13
2016-06-01,GURU,France,22,13,88
2016-06-01,GURU,France,22,13,41
2016-06-01,GURU,France,22,13,46
2016-06-01,GURU,France,22,13,156
2016-06-01,GURU,France,22,13,134
2016-06-01,GURU,Canada,17,6,88
2016-06-01,GURU,Canada,17,6,41
2016-06-01,GURU,Canada,17,6,46
2016-06-01,GURU,Canada,17,6,156
2016-06-01,GURU,Canada,17,6,134
2016-06-01,BUSINESS,United States,13,14,12
2016-06-01,BUSINESS,United States,13,14,50
2016-06-01,BUSINESS,United States,13,14,42
2016-06-01,BUSINESS,United States,13,14,24
2016-06-01,BUSINESS,United States,13,14,13
2016-06-01,PRO,United States,87,76,273
2016-06-01,PRO,United States,87,76,81
2016-06-01,PRO,United States,87,76,182
2016-06-01,PRO,United States,87,76,86
2016-06-01,PRO,United States,87,76,308
2016-06-01,GURU,United Kingdom,55,41,88
2016-06-01,GURU,United Kingdom,55,41,41
2016-06-01,GURU,United Kingdom,55,41,46
2016-06-01,GURU,United Kingdom,55,41,156
2016-06-01,GURU,United Kingdom,55,41,134
2016-06-01,GURU,United States,53,28,88
2016-06-01,GURU,United States,53,28,41
2016-06-01,GURU,United States,53,28,46
2016-06-01,GURU,United States,53,28,156
2016-06-01,BUSINESS,United Kingdom,17,9,12
2016-06-01,BUSINESS,United Kingdom,17,9,50
2016-06-01,BUSINESS,United Kingdom,17,9,42
2016-06-01,BUSINESS,United Kingdom,17,9,24
2016-06-01,BUSINESS,United Kingdom,17,9,13
2016-06-01,PRO,United Kingdom,82,73,273
2016-06-01,PRO,United Kingdom,82,73,81
2016-06-01,PRO,United Kingdom,82,73,182
2016-06-01,PRO,United Kingdom,82,73,86
2016-06-01,GURU,United States,53,28,134
2016-06-01,PRO,Canada,29,20,273
2016-06-01,PRO,Canada,29,20,81
2016-06-01,PRO,Canada,29,20,182
2016-06-01,PRO,Canada,29,20,86
2016-06-01,PRO,Canada,29,20,308
2016-06-01,BUSINESS,Canada,7,3,12
2016-06-01,BUSINESS,Canada,7,3,50
2016-06-01,BUSINESS,Canada,7,3,42
2016-06-01,BUSINESS,Canada,7,3,24
2016-06-01,BUSINESS,Canada,7,3,13
2016-06-01,PRO,United Kingdom,82,73,308
2016-07-01,GURU,France,16,9,52
2016-07-01,GURU,France,16,9,90
2016-07-01,GURU,France,16,9,172
2016-07-01,GURU,France,16,9,56
2016-07-01,GURU,France,16,9,156
2016-07-01,BUSINESS,United Kingdom,27,14,50
2016-07-01,BUSINESS,United Kingdom,27,14,31
2016-07-01,BUSINESS,United Kingdom,27,14,9
2016-07-01,BUSINESS,United Kingdom,27,14,48
2016-07-01,BUSINESS,United Kingdom,27,14,15
2016-07-01,BUSINESS,United States,18,10,50
2016-07-01,BUSINESS,United States,18,10,31
2016-07-01,BUSINESS,United States,18,10,9
2016-07-01,BUSINESS,United States,18,10,48
2016-07-01,BUSINESS,United States,18,10,15
2016-07-01,PRO,India,76,46,286
2016-07-01,PRO,India,76,46,199
2016-07-01,PRO,India,76,46,74
2016-07-01,PRO,India,76,46,317
2016-07-01,PRO,India,76,46,97
2016-07-01,GURU,India,37,20,52
2016-07-01,GURU,India,37,20,90
2016-07-01,GURU,India,37,20,172
2016-07-01,GURU,India,37,20,56
2016-07-01,GURU,India,37,20,156
2016-07-01,BUSINESS,Canada,4,5,50
2016-07-01,BUSINESS,Canada,4,5,31
2016-07-01,BUSINESS,Canada,4,5,9
2016-07-01,BUSINESS,Canada,4,5,48
2016-07-01,BUSINESS,Canada,4,5,15
2016-07-01,PRO,France,39,15,286
2016-07-01,PRO,France,39,15,199
2016-07-01,PRO,France,39,15,74
2016-07-01,PRO,France,39,15,317
2016-07-01,PRO,France,39,15,97
2016-07-01,PRO,Canada,27,20,286
2016-07-01,PRO,Canada,27,20,199
2016-07-01,PRO,Canada,27,20,74
2016-07-01,PRO,Canada,27,20,317
2016-07-01,PRO,Canada,27,20,97
2016-07-01,GURU,United States,38,40,52
2016-07-01,GURU,United States,38,40,90
2016-07-01,GURU,United States,38,40,172
2016-07-01,GURU,United States,38,40,56
2016-07-01,GURU,United States,38,40,156
2016-07-01,PRO,United Kingdom,116,74,286
2016-07-01,PRO,United Kingdom,116,74,199
2016-07-01,PRO,United Kingdom,116,74,74
2016-07-01,PRO,United Kingdom,116,74,317
2016-07-01,PRO,United Kingdom,116,74,97
2016-07-01,PRO,United States,113,69,286
2016-07-01,PRO,United States,113,69,199
2016-07-01,PRO,United States,113,69,74
2016-07-01,PRO,United States,113,69,317
2016-07-01,PRO,United States,113,69,97
2016-07-01,GURU,Canada,15,11,52
2016-07-01,GURU,Canada,15,11,90
2016-07-01,GURU,Canada,15,11,172
2016-07-01,GURU,Canada,15,11,56
2016-07-01,GURU,Canada,15,11,156
2016-07-01,BUSINESS,India,8,8,50
2016-07-01,BUSINESS,India,8,8,31
2016-07-01,BUSINESS,India,8,8,9
2016-07-01,BUSINESS,India,8,8,48
2016-07-01,BUSINESS,India,8,8,15
2016-07-01,GURU,United Kingdom,48,42,52
2016-07-01,GURU,United Kingdom,48,42,90
2016-07-01,GURU,United Kingdom,48,42,172
2016-07-01,GURU,United Kingdom,48,42,56
2016-07-01,GURU,United Kingdom,48,42,156
2016-07-01,BUSINESS,France,5,4,50
2016-07-01,BUSINESS,France,5,4,31
2016-07-01,BUSINESS,France,5,4,9
2016-07-01,BUSINESS,France,5,4,48
2016-07-01,BUSINESS,France,5,4,15
2016-08-01,BUSINESS,India,17,7,58
2016-08-01,BUSINESS,India,17,7,60
2016-08-01,BUSINESS,India,17,7,14
2016-08-01,BUSINESS,India,17,7,31
2016-08-01,BUSINESS,India,17,7,10
2016-08-01,GURU,United States,69,31,157
2016-08-01,GURU,United States,69,31,62
2016-08-01,GURU,United States,69,31,107
2016-08-01,GURU,United States,69,31,55
2016-08-01,GURU,United States,69,31,174
2016-08-01,PRO,United Kingdom,108,90,105
2016-08-01,PRO,United Kingdom,108,90,229
2016-08-01,PRO,United Kingdom,108,90,366
2016-08-01,PRO,United Kingdom,108,90,99
2016-08-01,PRO,United Kingdom,108,90,325
2016-08-01,GURU,France,21,19,157
2016-08-01,GURU,France,21,19,62
2016-08-01,GURU,France,21,19,107
2016-08-01,GURU,France,21,19,55
2016-08-01,GURU,France,21,19,174
2016-08-01,PRO,Canada,49,20,105
2016-08-01,PRO,Canada,49,20,229
2016-08-01,PRO,Canada,49,20,366
2016-08-01,PRO,Canada,49,20,99
2016-08-01,PRO,Canada,49,20,325
2016-08-01,BUSINESS,France,4,3,58
2016-08-01,BUSINESS,France,4,3,60
2016-08-01,BUSINESS,France,4,3,14
2016-08-01,BUSINESS,France,4,3,31
2016-08-01,BUSINESS,United States,22,12,58
2016-08-01,BUSINESS,United States,22,12,60
2016-08-01,BUSINESS,United States,22,12,14
2016-08-01,BUSINESS,United States,22,12,31
2016-08-01,BUSINESS,United States,22,12,10
2016-08-01,GURU,India,39,30,157
2016-08-01,GURU,India,39,30,62
2016-08-01,GURU,India,39,30,107
2016-08-01,GURU,India,39,30,55
2016-08-01,GURU,India,39,30,174
2016-08-01,PRO,United States,107,86,105
2016-08-01,PRO,United States,107,86,229
2016-08-01,PRO,United States,107,86,366
2016-08-01,PRO,United States,107,86,99
2016-08-01,PRO,United States,107,86,325
2016-08-01,GURU,United Kingdom,82,38,157
2016-08-01,GURU,United Kingdom,82,38,62
2016-08-01,GURU,United Kingdom,82,38,107
2016-08-01,GURU,United Kingdom,82,38,55
2016-08-01,GURU,United Kingdom,82,38,174
2016-08-01,GURU,Canada,22,12,157
2016-08-01,GURU,Canada,22,12,62
2016-08-01,GURU,Canada,22,12,107
2016-08-01,GURU,Canada,22,12,55
2016-08-01,GURU,Canada,22,12,174
2016-08-01,PRO,France,37,27,105
2016-08-01,PRO,France,37,27,229
2016-08-01,PRO,France,37,27,366
2016-08-01,PRO,France,37,27,99
2016-08-01,PRO,France,37,27,325
2016-08-01,BUSINESS,Canada,6,3,58
2016-08-01,BUSINESS,Canada,6,3,60
2016-08-01,BUSINESS,Canada,6,3,14
2016-08-01,BUSINESS,Canada,6,3,31
2016-08-01,BUSINESS,Canada,6,3,10
2016-08-01,PRO,India,82,58,105
2016-08-01,PRO,India,82,58,229
2016-08-01,PRO,India,82,58,366
2016-08-01,PRO,India,82,58,99
2016-08-01,PRO,India,82,58,325
2016-08-01,BUSINESS,United Kingdom,18,18,58
2016-08-01,BUSINESS,United Kingdom,18,18,60
2016-08-01,BUSINESS,United Kingdom,18,18,14
2016-08-01,BUSINESS,United Kingdom,18,18,31
2016-08-01,BUSINESS,France,4,3,10
2016-08-01,BUSINESS,United Kingdom,18,18,10
2016-09-01,GURU,India,41,27,66
2016-09-01,GURU,India,41,27,115
2016-09-01,GURU,India,41,27,66
2016-09-01,GURU,India,41,27,195
2016-09-01,GURU,India,41,27,216
2016-09-01,BUSINESS,France,7,4,68
2016-09-01,BUSINESS,France,7,4,41
2016-09-01,BUSINESS,France,7,4,10
2016-09-01,BUSINESS,France,7,4,56
2016-09-01,BUSINESS,France,7,4,17
2016-09-01,PRO,United Kingdom,124,85,388
2016-09-01,PRO,United Kingdom,124,85,133
2016-09-01,PRO,United Kingdom,124,85,348
2016-09-01,PRO,United Kingdom,124,85,254
2016-09-01,PRO,United Kingdom,124,85,108
2016-09-01,PRO,Canada,49,37,388
2016-09-01,PRO,Canada,49,37,133
2016-09-01,PRO,Canada,49,37,348
2016-09-01,PRO,Canada,49,37,254
2016-09-01,PRO,Canada,49,37,108
2016-09-01,GURU,France,28,14,66
2016-09-01,GURU,France,28,14,115
2016-09-01,GURU,France,28,14,66
2016-09-01,GURU,France,28,14,195
2016-09-01,GURU,France,28,14,216
2016-09-01,BUSINESS,India,19,14,68
2016-09-01,BUSINESS,India,19,14,41
2016-09-01,BUSINESS,India,19,14,10
2016-09-01,BUSINESS,India,19,14,56
2016-09-01,BUSINESS,India,19,14,17
2016-09-01,BUSINESS,United States,29,16,68
2016-09-01,BUSINESS,United States,29,16,41
2016-09-01,BUSINESS,United States,29,16,10
2016-09-01,BUSINESS,United States,29,16,56
2016-09-01,BUSINESS,United States,29,16,17
2016-09-01,GURU,United States,58,45,66
2016-09-01,GURU,United States,58,45,115
2016-09-01,GURU,United States,58,45,66
2016-09-01,GURU,United States,58,45,195
2016-09-01,GURU,United States,58,45,216
2016-09-01,PRO,United States,144,81,388
2016-09-01,PRO,United States,144,81,133
2016-09-01,PRO,United States,144,81,348
2016-09-01,PRO,United States,144,81,254
2016-09-01,PRO,United States,144,81,108
2016-09-01,BUSINESS,Canada,3,7,68
2016-09-01,BUSINESS,Canada,3,7,41
2016-09-01,BUSINESS,Canada,3,7,10
2016-09-01,BUSINESS,Canada,3,7,56
2016-09-01,BUSINESS,Canada,3,7,17
2016-09-01,GURU,United Kingdom,64,51,66
2016-09-01,GURU,United Kingdom,64,51,115
2016-09-01,GURU,United Kingdom,64,51,66
2016-09-01,GURU,United Kingdom,64,51,195
2016-09-01,GURU,United Kingdom,64,51,216
2016-09-01,PRO,France,51,32,388
2016-09-01,PRO,France,51,32,133
2016-09-01,PRO,France,51,32,348
2016-09-01,PRO,France,51,32,254
2016-09-01,PRO,France,51,32,108
2016-09-01,BUSINESS,United Kingdom,22,14,68
2016-09-01,BUSINESS,United Kingdom,22,14,41
2016-09-01,BUSINESS,United Kingdom,22,14,10
2016-09-01,BUSINESS,United Kingdom,22,14,56
2016-09-01,BUSINESS,United Kingdom,22,14,17
2016-09-01,GURU,Canada,26,17,66
2016-09-01,GURU,Canada,26,17,115
2016-09-01,GURU,Canada,26,17,66
2016-09-01,GURU,Canada,26,17,195
2016-09-01,GURU,Canada,26,17,216
2016-09-01,PRO,India,85,70,388
2016-09-01,PRO,India,85,70,133
2016-09-01,PRO,India,85,70,348
2016-09-01,PRO,India,85,70,254
2016-09-01,PRO,India,85,70,108
2016-10-01,PRO,United Kingdom,151,97,427
2016-10-01,PRO,United Kingdom,151,97,144
2016-10-01,PRO,United Kingdom,151,97,412
2016-10-01,PRO,United Kingdom,151,97,263
2016-10-01,PRO,United Kingdom,151,97,124
2016-10-01,GURU,United States,87,49,134
2016-10-01,GURU,United States,87,49,206
2016-10-01,GURU,United States,87,49,83
2016-10-01,GURU,United States,87,49,228
2016-10-01,GURU,United States,87,49,77
2016-10-01,BUSINESS,Canada,6,1,82
2016-10-01,BUSINESS,Canada,6,1,13
2016-10-01,BUSINESS,Canada,6,1,47
2016-10-01,BUSINESS,Canada,6,1,12
2016-10-01,BUSINESS,Canada,6,1,65
2016-10-01,PRO,United States,171,103,427
2016-10-01,PRO,United States,171,103,144
2016-10-01,PRO,United States,171,103,412
2016-10-01,PRO,United States,171,103,263
2016-10-01,PRO,United States,171,103,124
2016-10-01,GURU,United Kingdom,82,60,134
2016-10-01,GURU,United Kingdom,82,60,206
2016-10-01,GURU,United Kingdom,82,60,83
2016-10-01,GURU,United Kingdom,82,60,228
2016-10-01,GURU,United Kingdom,82,60,77
2016-10-01,PRO,Canada,60,38,427
2016-10-01,PRO,Canada,60,38,144
2016-10-01,PRO,Canada,60,38,412
2016-10-01,PRO,Canada,60,38,263
2016-10-01,PRO,Canada,60,38,124
2016-10-01,GURU,Canada,21,17,134
2016-10-01,GURU,Canada,21,17,206
2016-10-01,GURU,Canada,21,17,83
2016-10-01,GURU,Canada,21,17,228
2016-10-01,GURU,Canada,21,17,77
2016-10-01,GURU,France,20,24,134
2016-10-01,GURU,France,20,24,206
2016-10-01,GURU,France,20,24,83
2016-10-01,GURU,France,20,24,228
2016-10-01,GURU,France,20,24,77
2016-10-01,BUSINESS,United Kingdom,28,13,82
2016-10-01,BUSINESS,United Kingdom,28,13,13
2016-10-01,BUSINESS,United Kingdom,28,13,47
2016-10-01,BUSINESS,United Kingdom,28,13,12
2016-10-01,BUSINESS,United Kingdom,28,13,65
2016-10-01,GURU,India,50,35,134
2016-10-01,GURU,India,50,35,206
2016-10-01,GURU,India,50,35,83
2016-10-01,GURU,India,50,35,228
2016-10-01,GURU,India,50,35,77
2016-10-01,BUSINESS,India,11,13,82
2016-10-01,BUSINESS,India,11,13,13
2016-10-01,BUSINESS,India,11,13,47
2016-10-01,BUSINESS,India,11,13,12
2016-10-01,BUSINESS,India,11,13,65
2016-10-01,BUSINESS,France,9,4,82
2016-10-01,BUSINESS,France,9,4,13
2016-10-01,BUSINESS,France,9,4,47
2016-10-01,BUSINESS,France,9,4,12
2016-10-01,BUSINESS,France,9,4,65
2016-10-01,PRO,India,109,55,427
2016-10-01,PRO,India,109,55,144
2016-10-01,PRO,India,109,55,412
2016-10-01,PRO,India,109,55,263
2016-10-01,PRO,India,109,55,124
2016-10-01,PRO,France,49,29,427
2016-10-01,PRO,France,49,29,144
2016-10-01,PRO,France,49,29,412
2016-10-01,PRO,France,49,29,263
2016-10-01,PRO,France,49,29,124
2016-10-01,BUSINESS,United States,19,18,82
2016-10-01,BUSINESS,United States,19,18,13
2016-10-01,BUSINESS,United States,19,18,47
2016-10-01,BUSINESS,United States,19,18,12
2016-10-01,BUSINESS,United States,19,18,65
2016-11-01,GURU,United Kingdom,76,67,75
2016-11-01,GURU,United Kingdom,76,67,252
2016-11-01,GURU,United Kingdom,76,67,257
2016-11-01,GURU,United Kingdom,76,67,157
2016-11-01,GURU,United Kingdom,76,67,82
2016-11-01,PRO,United States,158,112,477
2016-11-01,PRO,United States,158,112,472
2016-11-01,PRO,United States,158,112,167
2016-11-01,PRO,United States,158,112,310
2016-11-01,PRO,United States,158,112,146
2016-11-01,BUSINESS,Canada,8,6,20
2016-11-01,BUSINESS,Canada,8,6,77
2016-11-01,BUSINESS,Canada,8,6,15
2016-11-01,BUSINESS,Canada,8,6,44
2016-11-01,BUSINESS,Canada,8,6,83
2016-11-01,PRO,United Kingdom,141,108,477
2016-11-01,PRO,United Kingdom,141,108,472
2016-11-01,PRO,United Kingdom,141,108,167
2016-11-01,PRO,United Kingdom,141,108,310
2016-11-01,PRO,United Kingdom,141,108,146
2016-11-01,GURU,United States,67,68,75
2016-11-01,GURU,United States,67,68,252
2016-11-01,GURU,United States,67,68,257
2016-11-01,GURU,United States,67,68,157
2016-11-01,GURU,United States,67,68,82
2016-11-01,BUSINESS,United Kingdom,39,18,20
2016-11-01,BUSINESS,United Kingdom,39,18,77
2016-11-01,BUSINESS,United Kingdom,39,18,15
2016-11-01,BUSINESS,United Kingdom,39,18,44
2016-11-01,BUSINESS,United Kingdom,39,18,83
2016-11-01,GURU,Canada,20,14,75
2016-11-01,GURU,Canada,20,14,252
2016-11-01,GURU,Canada,20,14,257
2016-11-01,GURU,Canada,20,14,157
2016-11-01,GURU,Canada,20,14,82
2016-11-01,PRO,Canada,48,37,477
2016-11-01,PRO,Canada,48,37,472
2016-11-01,PRO,Canada,48,37,167
2016-11-01,PRO,Canada,48,37,310
2016-11-01,PRO,Canada,48,37,146
2016-11-01,PRO,France,43,37,477
2016-11-01,PRO,France,43,37,472
2016-11-01,PRO,France,43,37,167
2016-11-01,PRO,France,43,37,310
2016-11-01,PRO,France,43,37,146
2016-11-01,PRO,India,111,76,477
2016-11-01,PRO,India,111,76,472
2016-11-01,PRO,India,111,76,167
2016-11-01,PRO,India,111,76,310
2016-11-01,PRO,India,111,76,146
2016-11-01,BUSINESS,United States,37,21,20
2016-11-01,BUSINESS,United States,37,21,77
2016-11-01,BUSINESS,United States,37,21,15
2016-11-01,BUSINESS,United States,37,21,44
2016-11-01,BUSINESS,United States,37,21,83
2016-11-01,GURU,India,54,40,75
2016-11-01,GURU,India,54,40,252
2016-11-01,GURU,India,54,40,257
2016-11-01,GURU,India,54,40,157
2016-11-01,GURU,India,54,40,82
2016-11-01,BUSINESS,India,25,7,20
2016-11-01,BUSINESS,India,25,7,77
2016-11-01,BUSINESS,India,25,7,15
2016-11-01,BUSINESS,India,25,7,44
2016-11-01,BUSINESS,India,25,7,83
2016-11-01,GURU,France,27,11,75
2016-11-01,GURU,France,27,11,252
2016-11-01,GURU,France,27,11,257
2016-11-01,GURU,France,27,11,157
2016-11-01,GURU,France,27,11,82
2016-11-01,BUSINESS,France,11,7,20
2016-11-01,BUSINESS,France,11,7,77
2016-11-01,BUSINESS,France,11,7,15
2016-11-01,BUSINESS,France,11,7,44
2016-11-01,BUSINESS,France,11,7,83
2016-12-01,GURU,France,15,23,275
2016-12-01,GURU,France,15,23,262
2016-12-01,GURU,France,15,23,94
2016-12-01,GURU,France,15,23,180
2016-12-01,GURU,France,15,23,99
2016-12-01,PRO,United States,113,117,143
2016-12-01,PRO,United States,113,117,509
2016-12-01,PRO,United States,113,117,500
2016-12-01,PRO,United States,113,117,338
2016-12-01,PRO,United States,113,117,172
2016-12-01,PRO,France,49,29,143
2016-12-01,PRO,France,49,29,509
2016-12-01,PRO,France,49,29,500
2016-12-01,PRO,France,49,29,338
2016-12-01,PRO,France,49,29,172
2016-12-01,BUSINESS,Canada,8,4,97
2016-12-01,BUSINESS,Canada,8,4,17
2016-12-01,BUSINESS,Canada,8,4,99
2016-12-01,BUSINESS,Canada,8,4,25
2016-12-01,BUSINESS,Canada,8,4,60
2016-12-01,GURU,India,52,47,275
2016-12-01,GURU,India,52,47,262
2016-12-01,GURU,India,52,47,94
2016-12-01,GURU,India,52,47,180
2016-12-01,GURU,India,52,47,99
2016-12-01,BUSINESS,United States,16,26,97
2016-12-01,BUSINESS,United States,16,26,17
2016-12-01,BUSINESS,United States,16,26,99
2016-12-01,BUSINESS,United States,16,26,25
2016-12-01,BUSINESS,United States,16,26,60
2016-12-01,BUSINESS,United Kingdom,16,21,97
2016-12-01,BUSINESS,United Kingdom,16,21,17
2016-12-01,BUSINESS,United Kingdom,16,21,99
2016-12-01,BUSINESS,United Kingdom,16,21,25
2016-12-01,BUSINESS,United Kingdom,16,21,60
2016-12-01,PRO,Canada,35,38,143
2016-12-01,PRO,Canada,35,38,509
2016-12-01,PRO,Canada,35,38,500
2016-12-01,PRO,Canada,35,38,338
2016-12-01,PRO,Canada,35,38,172
2016-12-01,GURU,Canada,18,16,275
2016-12-01,GURU,Canada,18,16,262
2016-12-01,GURU,Canada,18,16,94
2016-12-01,GURU,Canada,18,16,180
2016-12-01,GURU,Canada,18,16,99
2016-12-01,GURU,United Kingdom,68,54,275
2016-12-01,GURU,United Kingdom,68,54,262
2016-12-01,GURU,United Kingdom,68,54,94
2016-12-01,GURU,United Kingdom,68,54,180
2016-12-01,BUSINESS,India,16,18,97
2016-12-01,BUSINESS,India,16,18,17
2016-12-01,BUSINESS,India,16,18,99
2016-12-01,BUSINESS,India,16,18,25
2016-12-01,BUSINESS,India,16,18,60
2016-12-01,GURU,United States,64,69,275
2016-12-01,GURU,United States,64,69,262
2016-12-01,GURU,United States,64,69,94
2016-12-01,GURU,United States,64,69,180
2016-12-01,GURU,United States,64,69,99
2016-12-01,PRO,India,85,88,143
2016-12-01,PRO,India,85,88,509
2016-12-01,PRO,India,85,88,500
2016-12-01,PRO,India,85,88,338
2016-12-01,PRO,India,85,88,172
2016-12-01,BUSINESS,France,6,9,97
2016-12-01,BUSINESS,France,6,9,17
2016-12-01,BUSINESS,France,6,9,99
2016-12-01,BUSINESS,France,6,9,25
2016-12-01,BUSINESS,France,6,9,60
2016-12-01,PRO,United Kingdom,112,113,143
2016-12-01,PRO,United Kingdom,112,113,509
2016-12-01,PRO,United Kingdom,112,113,500
2016-12-01,PRO,United Kingdom,112,113,338
2016-12-01,PRO,United Kingdom,112,113,172
2016-12-01,GURU,United Kingdom,68,54,99
2017-01-01,GURU,Canada,65,21,277
2017-01-01,BUSINESS,Canada,10,8,56
2017-01-01,BUSINESS,Canada,10,8,25
2017-01-01,BUSINESS,Canada,10,8,21
2017-01-01,BUSINESS,Canada,10,8,91
2017-01-01,BUSINESS,Canada,10,8,84
2017-01-01,PRO,Canada,37,31,156
2017-01-01,PRO,Canada,37,31,327
2017-01-01,PRO,Canada,37,31,162
2017-01-01,PRO,Canada,37,31,488
2017-01-01,PRO,Canada,37,31,490
2017-01-01,PRO,France,45,32,156
2017-01-01,PRO,France,45,32,327
2017-01-01,GURU,Canada,65,21,93
2017-01-01,GURU,Canada,65,21,195
2017-01-01,GURU,Canada,65,21,105
2017-01-01,GURU,Canada,65,21,301
2017-01-01,PRO,United Kingdom,68,93,156
2017-01-01,PRO,United Kingdom,68,93,327
2017-01-01,PRO,United Kingdom,68,93,162
2017-01-01,PRO,United Kingdom,68,93,488
2017-01-01,PRO,United Kingdom,68,93,490
2017-01-01,BUSINESS,United Kingdom,9,19,56
2017-01-01,BUSINESS,United Kingdom,9,19,25
2017-01-01,BUSINESS,United Kingdom,9,19,21
2017-01-01,BUSINESS,United Kingdom,9,19,91
2017-01-01,BUSINESS,United Kingdom,9,19,84
2017-01-01,GURU,United Kingdom,175,58,277
2017-01-01,GURU,United Kingdom,175,58,93
2017-01-01,GURU,United Kingdom,175,58,195
2017-01-01,GURU,United Kingdom,175,58,105
2017-01-01,GURU,United Kingdom,175,58,301
2017-01-01,PRO,France,45,32,162
2017-01-01,PRO,France,45,32,488
2017-01-01,PRO,France,45,32,490
2017-01-01,BUSINESS,France,6,6,56
2017-01-01,BUSINESS,France,6,6,25
2017-01-01,BUSINESS,France,6,6,21
2017-01-01,BUSINESS,France,6,6,91
2017-01-01,BUSINESS,France,6,6,84
2017-01-01,GURU,United States,197,58,277
2017-01-01,GURU,United States,197,58,93
2017-01-01,GURU,United States,197,58,195
2017-01-01,GURU,United States,197,58,105
2017-01-01,GURU,United States,197,58,301
2017-01-01,PRO,India,53,77,156
2017-01-01,PRO,India,53,77,327
2017-01-01,PRO,India,53,77,162
2017-01-01,PRO,India,53,77,488
2017-01-01,PRO,India,53,77,490
2017-01-01,BUSINESS,India,2,10,56
2017-01-01,BUSINESS,India,2,10,25
2017-01-01,BUSINESS,India,2,10,21
2017-01-01,BUSINESS,India,2,10,91
2017-01-01,BUSINESS,India,2,10,84
2017-01-01,PRO,United States,88,98,156
2017-01-01,PRO,United States,88,98,327
2017-01-01,PRO,United States,88,98,162
2017-01-01,PRO,United States,88,98,488
2017-01-01,PRO,United States,88,98,490
2017-01-01,GURU,India,114,42,277
2017-01-01,GURU,India,114,42,93
2017-01-01,GURU,India,114,42,195
2017-01-01,GURU,India,114,42,105
2017-01-01,GURU,India,114,42,301
2017-01-01,BUSINESS,United States,8,17,56
2017-01-01,BUSINESS,United States,8,17,25
2017-01-01,BUSINESS,United States,8,17,21
2017-01-01,BUSINESS,United States,8,17,91
2017-01-01,BUSINESS,United States,8,17,84
2017-01-01,GURU,France,105,15,277
2017-01-01,GURU,France,105,15,93
2017-01-01,GURU,France,105,15,195
2017-01-01,GURU,France,105,15,105
2017-01-01,GURU,France,105,15,301
2017-02-01,BUSINESS,United States,11,8,52
2017-02-01,BUSINESS,United States,11,8,30
2017-02-01,BUSINESS,United States,11,8,81
2017-02-01,BUSINESS,United States,11,8,19
2017-02-01,BUSINESS,United States,11,8,74
2017-02-01,PRO,India,43,43,292
2017-02-01,PRO,India,43,43,157
2017-02-01,PRO,India,43,43,444
2017-02-01,PRO,India,43,43,168
2017-02-01,PRO,India,43,43,467
2017-02-01,GURU,France,118,79,428
2017-02-01,GURU,France,118,79,151
2017-02-01,GURU,France,118,79,439
2017-02-01,GURU,France,118,79,192
2017-02-01,GURU,France,118,79,274
2017-02-01,PRO,France,68,33,292
2017-02-01,PRO,France,68,33,157
2017-02-01,PRO,France,68,33,444
2017-02-01,PRO,France,68,33,168
2017-02-01,BUSINESS,United Kingdom,11,13,52
2017-02-01,BUSINESS,United Kingdom,11,13,30
2017-02-01,BUSINESS,United Kingdom,11,13,81
2017-02-01,BUSINESS,United Kingdom,11,13,19
2017-02-01,BUSINESS,United Kingdom,11,13,74
2017-02-01,PRO,France,68,33,467
2017-02-01,GURU,India,120,78,428
2017-02-01,GURU,India,120,78,151
2017-02-01,GURU,India,120,78,439
2017-02-01,GURU,India,120,78,192
2017-02-01,GURU,India,120,78,274
2017-02-01,BUSINESS,Canada,7,9,52
2017-02-01,BUSINESS,Canada,7,9,30
2017-02-01,BUSINESS,Canada,7,9,81
2017-02-01,BUSINESS,Canada,7,9,19
2017-02-01,BUSINESS,Canada,7,9,74
2017-02-01,BUSINESS,France,10,5,52
2017-02-01,BUSINESS,France,10,5,30
2017-02-01,BUSINESS,France,10,5,81
2017-02-01,BUSINESS,France,10,5,19
2017-02-01,BUSINESS,France,10,5,74
2017-02-01,GURU,United Kingdom,191,126,428
2017-02-01,GURU,United Kingdom,191,126,151
2017-02-01,GURU,United Kingdom,191,126,439
2017-02-01,GURU,United Kingdom,191,126,192
2017-02-01,GURU,United Kingdom,191,126,274
2017-02-01,PRO,United States,102,83,292
2017-02-01,PRO,United States,102,83,157
2017-02-01,PRO,United States,102,83,444
2017-02-01,PRO,United States,102,83,168
2017-02-01,PRO,United States,102,83,467
2017-02-01,GURU,Canada,60,56,428
2017-02-01,GURU,Canada,60,56,151
2017-02-01,GURU,Canada,60,56,439
2017-02-01,GURU,Canada,60,56,192
2017-02-01,GURU,Canada,60,56,274
2017-02-01,BUSINESS,India,11,11,52
2017-02-01,BUSINESS,India,11,11,30
2017-02-01,BUSINESS,India,11,11,81
2017-02-01,BUSINESS,India,11,11,19
2017-02-01,BUSINESS,India,11,11,74
2017-02-01,PRO,Canada,44,31,292
2017-02-01,PRO,Canada,44,31,157
2017-02-01,PRO,Canada,44,31,444
2017-02-01,PRO,Canada,44,31,168
2017-02-01,PRO,Canada,44,31,467
2017-02-01,GURU,United States,189,147,428
2017-02-01,GURU,United States,189,147,151
2017-02-01,GURU,United States,189,147,439
2017-02-01,GURU,United States,189,147,192
2017-02-01,GURU,United States,189,147,274
2017-02-01,PRO,United Kingdom,83,70,292
2017-02-01,PRO,United Kingdom,83,70,157
2017-02-01,PRO,United Kingdom,83,70,444
2017-02-01,PRO,United Kingdom,83,70,168
2017-02-01,PRO,United Kingdom,83,70,467
2017-03-01,BUSINESS,India,12,7,25
2017-03-01,BUSINESS,India,12,7,72
2017-03-01,BUSINESS,India,12,7,81
2017-03-01,BUSINESS,India,12,7,51
2017-03-01,BUSINESS,India,12,7,24
2017-03-01,GURU,United States,162,152,511
2017-03-01,GURU,United States,162,152,226
2017-03-01,GURU,United States,162,152,157
2017-03-01,GURU,United States,162,152,320
2017-03-01,GURU,United States,162,152,479
2017-03-01,GURU,France,155,76,511
2017-03-01,GURU,France,155,76,226
2017-03-01,GURU,France,155,76,157
2017-03-01,GURU,France,155,76,320
2017-03-01,GURU,France,155,76,479
2017-03-01,PRO,Canada,45,24,482
2017-03-01,PRO,Canada,45,24,289
2017-03-01,PRO,Canada,45,24,207
2017-03-01,PRO,Canada,45,24,448
2017-03-01,PRO,Canada,45,24,172
2017-03-01,PRO,United States,81,87,482
2017-03-01,PRO,United States,81,87,289
2017-03-01,PRO,United States,81,87,207
2017-03-01,PRO,United States,81,87,448
2017-03-01,PRO,United States,81,87,172
2017-03-01,BUSINESS,France,15,8,25
2017-03-01,BUSINESS,France,15,8,72
2017-03-01,BUSINESS,France,15,8,81
2017-03-01,BUSINESS,France,15,8,51
2017-03-01,BUSINESS,France,15,8,24
2017-03-01,PRO,United Kingdom,75,77,482
2017-03-01,PRO,United Kingdom,75,77,289
2017-03-01,PRO,United Kingdom,75,77,207
2017-03-01,PRO,United Kingdom,75,77,448
2017-03-01,PRO,United Kingdom,75,77,172
2017-03-01,PRO,India,56,41,482
2017-03-01,PRO,India,56,41,289
2017-03-01,PRO,India,56,41,207
2017-03-01,PRO,India,56,41,448
2017-03-01,PRO,India,56,41,172
2017-03-01,GURU,India,113,89,511
2017-03-01,GURU,India,113,89,226
2017-03-01,GURU,India,113,89,157
2017-03-01,GURU,India,113,89,320
2017-03-01,GURU,India,113,89,479
2017-03-01,PRO,France,82,37,482
2017-03-01,PRO,France,82,37,289
2017-03-01,PRO,France,82,37,207
2017-03-01,PRO,France,82,37,448
2017-03-01,PRO,France,82,37,172
2017-03-01,BUSINESS,United States,10,9,25
2017-03-01,BUSINESS,United States,10,9,72
2017-03-01,BUSINESS,United States,10,9,81
2017-03-01,BUSINESS,United States,10,9,51
2017-03-01,BUSINESS,United States,10,9,24
2017-03-01,GURU,United Kingdom,170,140,511
2017-03-01,GURU,United Kingdom,170,140,226
2017-03-01,GURU,United Kingdom,170,140,157
2017-03-01,GURU,United Kingdom,170,140,320
2017-03-01,GURU,United Kingdom,170,140,479
2017-03-01,GURU,Canada,70,49,511
2017-03-01,GURU,Canada,70,49,226
2017-03-01,GURU,Canada,70,49,157
2017-03-01,GURU,Canada,70,49,320
2017-03-01,GURU,Canada,70,49,479
2017-03-01,BUSINESS,United Kingdom,17,15,25
2017-03-01,BUSINESS,United Kingdom,17,15,72
2017-03-01,BUSINESS,United Kingdom,17,15,81
2017-03-01,BUSINESS,United Kingdom,17,15,51
2017-03-01,BUSINESS,United Kingdom,17,15,24
2017-03-01,BUSINESS,Canada,8,4,25
2017-03-01,BUSINESS,Canada,8,4,72
2017-03-01,BUSINESS,Canada,8,4,81
2017-03-01,BUSINESS,Canada,8,4,51
2017-03-01,BUSINESS,Canada,8,4,24
2017-04-01,PRO,France,83,64,301
2017-04-01,PRO,France,83,64,193
2017-04-01,PRO,France,83,64,245
2017-04-01,PRO,France,83,64,438
2017-04-01,PRO,France,83,64,481
2017-04-01,GURU,India,115,88,181
2017-04-01,GURU,India,115,88,348
2017-04-01,GURU,India,115,88,311
2017-04-01,GURU,India,115,88,483
2017-04-01,GURU,India,115,88,554
2017-04-01,BUSINESS,India,12,15,55
2017-04-01,BUSINESS,India,12,15,74
2017-04-01,BUSINESS,India,12,15,33
2017-04-01,BUSINESS,India,12,15,78
2017-04-01,BUSINESS,India,12,15,25
2017-04-01,GURU,United States,201,132,181
2017-04-01,GURU,United States,201,132,348
2017-04-01,GURU,United States,201,132,311
2017-04-01,GURU,United States,201,132,483
2017-04-01,GURU,United States,201,132,554
2017-04-01,PRO,India,50,52,301
2017-04-01,PRO,India,50,52,193
2017-04-01,PRO,India,50,52,245
2017-04-01,PRO,India,50,52,438
2017-04-01,PRO,India,50,52,481
2017-04-01,BUSINESS,France,15,12,55
2017-04-01,BUSINESS,France,15,12,74
2017-04-01,BUSINESS,France,15,12,33
2017-04-01,BUSINESS,France,15,12,78
2017-04-01,BUSINESS,France,15,12,25
2017-04-01,PRO,United States,94,69,301
2017-04-01,PRO,United States,94,69,193
2017-04-01,PRO,United States,94,69,245
2017-04-01,PRO,United States,94,69,438
2017-04-01,PRO,United States,94,69,481
2017-04-01,BUSINESS,Canada,9,5,55
2017-04-01,BUSINESS,Canada,9,5,74
2017-04-01,BUSINESS,Canada,9,5,33
2017-04-01,BUSINESS,Canada,9,5,78
2017-04-01,BUSINESS,Canada,9,5,25
2017-04-01,GURU,France,186,120,181
2017-04-01,GURU,France,186,120,348
2017-04-01,GURU,France,186,120,311
2017-04-01,GURU,France,186,120,483
2017-04-01,GURU,France,186,120,554
2017-04-01,BUSINESS,United Kingdom,21,18,55
2017-04-01,BUSINESS,United Kingdom,21,18,74
2017-04-01,BUSINESS,United Kingdom,21,18,33
2017-04-01,BUSINESS,United Kingdom,21,18,78
2017-04-01,BUSINESS,United Kingdom,21,18,25
2017-04-01,GURU,Canada,109,40,181
2017-04-01,GURU,Canada,109,40,348
2017-04-01,GURU,Canada,109,40,311
2017-04-01,GURU,Canada,109,40,483
2017-04-01,GURU,Canada,109,40,554
2017-04-01,GURU,United Kingdom,165,134,181
2017-04-01,GURU,United Kingdom,165,134,348
2017-04-01,GURU,United Kingdom,165,134,311
2017-04-01,GURU,United Kingdom,165,134,483
2017-04-01,GURU,United Kingdom,165,134,554
2017-04-01,PRO,Canada,49,38,301
2017-04-01,PRO,Canada,49,38,193
2017-04-01,PRO,Canada,49,38,245
2017-04-01,PRO,Canada,49,38,438
2017-04-01,PRO,Canada,49,38,481
2017-04-01,BUSINESS,United States,11,6,55
2017-04-01,BUSINESS,United States,11,6,74
2017-04-01,BUSINESS,United States,11,6,33
2017-04-01,BUSINESS,United States,11,6,78
2017-04-01,BUSINESS,United States,11,6,25
2017-04-01,PRO,United Kingdom,97,76,301
2017-04-01,PRO,United Kingdom,97,76,193
2017-04-01,PRO,United Kingdom,97,76,245
2017-04-01,PRO,United Kingdom,97,76,438
2017-04-01,PRO,United Kingdom,97,76,481
2017-05-01,PRO,India,58,53,504
2017-05-01,GURU,United Kingdom,160,143,583
2017-05-01,GURU,United Kingdom,160,143,377
2017-05-01,GURU,United Kingdom,160,143,371
2017-05-01,GURU,United Kingdom,160,143,556
2017-05-01,GURU,United Kingdom,160,143,250
2017-05-01,BUSINESS,United States,17,14,31
2017-05-01,BUSINESS,United States,17,14,51
2017-05-01,BUSINESS,United States,17,14,82
2017-05-01,BUSINESS,United States,17,14,37
2017-05-01,BUSINESS,United States,17,14,77
2017-05-01,PRO,India,58,53,263
2017-05-01,PRO,India,58,53,304
2017-05-01,PRO,India,58,53,202
2017-05-01,PRO,India,58,53,460
2017-05-01,PRO,United Kingdom,73,85,504
2017-05-01,PRO,United Kingdom,73,85,263
2017-05-01,PRO,United Kingdom,73,85,304
2017-05-01,PRO,United Kingdom,73,85,202
2017-05-01,PRO,United Kingdom,73,85,460
2017-05-01,PRO,Canada,42,42,504
2017-05-01,PRO,Canada,42,42,263
2017-05-01,PRO,Canada,42,42,304
2017-05-01,PRO,Canada,42,42,202
2017-05-01,PRO,Canada,42,42,460
2017-05-01,GURU,India,119,96,583
2017-05-01,GURU,India,119,96,377
2017-05-01,GURU,India,119,96,371
2017-05-01,BUSINESS,India,12,10,31
2017-05-01,BUSINESS,India,12,10,51
2017-05-01,BUSINESS,India,12,10,82
2017-05-01,BUSINESS,India,12,10,37
2017-05-01,BUSINESS,India,12,10,77
2017-05-01,GURU,Canada,96,70,583
2017-05-01,GURU,Canada,96,70,377
2017-05-01,GURU,Canada,96,70,371
2017-05-01,GURU,Canada,96,70,556
2017-05-01,GURU,Canada,96,70,250
2017-05-01,PRO,France,90,71,504
2017-05-01,PRO,France,90,71,263
2017-05-01,PRO,France,90,71,304
2017-05-01,PRO,France,90,71,202
2017-05-01,PRO,France,90,71,460
2017-05-01,BUSINESS,France,14,13,31
2017-05-01,BUSINESS,France,14,13,51
2017-05-01,BUSINESS,France,14,13,82
2017-05-01,BUSINESS,France,14,13,37
2017-05-01,BUSINESS,France,14,13,77
2017-05-01,GURU,India,119,96,556
2017-05-01,GURU,India,119,96,250
2017-05-01,GURU,France,234,129,583
2017-05-01,GURU,France,234,129,377
2017-05-01,GURU,France,234,129,371
2017-05-01,GURU,France,234,129,556
2017-05-01,GURU,France,234,129,250
2017-05-01,BUSINESS,Canada,4,10,31
2017-05-01,BUSINESS,Canada,4,10,51
2017-05-01,BUSINESS,Canada,4,10,82
2017-05-01,BUSINESS,Canada,4,10,37
2017-05-01,BUSINESS,Canada,4,10,77
2017-05-01,PRO,United States,65,95,504
2017-05-01,PRO,United States,65,95,263
2017-05-01,PRO,United States,65,95,304
2017-05-01,PRO,United States,65,95,202
2017-05-01,PRO,United States,65,95,460
2017-05-01,GURU,United States,217,165,583
2017-05-01,GURU,United States,217,165,377
2017-05-01,GURU,United States,217,165,371
2017-05-01,GURU,United States,217,165,556
2017-05-01,GURU,United States,217,165,250
2017-05-01,BUSINESS,United Kingdom,15,12,31
2017-05-01,BUSINESS,United Kingdom,15,12,51
2017-05-01,BUSINESS,United Kingdom,15,12,82
2017-05-01,BUSINESS,United Kingdom,15,12,37
2017-05-01,BUSINESS,United Kingdom,15,12,77
2017-06-01,BUSINESS,United Kingdom,16,11,78
2017-06-01,BUSINESS,United Kingdom,16,11,55
2017-06-01,BUSINESS,United Kingdom,16,11,37
2017-06-01,BUSINESS,United Kingdom,16,11,86
2017-06-01,BUSINESS,United Kingdom,16,11,25
2017-06-01,GURU,United States,197,175,486
2017-06-01,GURU,United States,197,175,606
2017-06-01,GURU,United States,197,175,276
2017-06-01,GURU,United States,197,175,389
2017-06-01,GURU,United States,197,175,604
2017-06-01,PRO,Canada,42,31,441
2017-06-01,PRO,Canada,42,31,279
2017-06-01,PRO,Canada,42,31,202
2017-06-01,PRO,Canada,42,31,312
2017-06-01,PRO,Canada,42,31,480
2017-06-01,GURU,France,231,164,486
2017-06-01,GURU,France,231,164,606
2017-06-01,GURU,France,231,164,276
2017-06-01,GURU,France,231,164,389
2017-06-01,GURU,France,231,164,604
2017-06-01,BUSINESS,United States,10,18,78
2017-06-01,BUSINESS,United States,10,18,55
2017-06-01,BUSINESS,United States,10,18,37
2017-06-01,BUSINESS,United States,10,18,86
2017-06-01,BUSINESS,United States,10,18,25
2017-06-01,PRO,United Kingdom,78,74,441
2017-06-01,PRO,United Kingdom,78,74,279
2017-06-01,PRO,United Kingdom,78,74,202
2017-06-01,PRO,United Kingdom,78,74,312
2017-06-01,PRO,United Kingdom,78,74,480
2017-06-01,BUSINESS,Canada,5,5,78
2017-06-01,BUSINESS,Canada,5,5,55
2017-06-01,BUSINESS,Canada,5,5,37
2017-06-01,BUSINESS,Canada,5,5,86
2017-06-01,BUSINESS,Canada,5,5,25
2017-06-01,GURU,India,121,95,486
2017-06-01,GURU,India,121,95,606
2017-06-01,GURU,India,121,95,276
2017-06-01,GURU,India,121,95,389
2017-06-01,GURU,India,121,95,604
2017-06-01,PRO,United States,75,66,441
2017-06-01,PRO,United States,75,66,279
2017-06-01,PRO,United States,75,66,202
2017-06-01,PRO,United States,75,66,312
2017-06-01,PRO,United States,75,66,480
2017-06-01,GURU,Canada,81,65,486
2017-06-01,GURU,Canada,81,65,606
2017-06-01,GURU,Canada,81,65,276
2017-06-01,GURU,Canada,81,65,389
2017-06-01,GURU,Canada,81,65,604
2017-06-01,BUSINESS,India,11,14,78
2017-06-01,BUSINESS,India,11,14,55
2017-06-01,BUSINESS,India,11,14,37
2017-06-01,BUSINESS,India,11,14,86
2017-06-01,BUSINESS,India,11,14,25
2017-06-01,PRO,India,53,58,441
2017-06-01,PRO,India,53,58,279
2017-06-01,PRO,India,53,58,202
2017-06-01,PRO,India,53,58,312
2017-06-01,PRO,India,53,58,480
2017-06-01,BUSINESS,France,21,6,78
2017-06-01,BUSINESS,France,21,6,55
2017-06-01,BUSINESS,France,21,6,37
2017-06-01,BUSINESS,France,21,6,86
2017-06-01,BUSINESS,France,21,6,25
2017-06-01,PRO,France,93,63,441
2017-06-01,PRO,France,93,63,279
2017-06-01,PRO,France,93,63,202
2017-06-01,PRO,France,93,63,312
2017-06-01,GURU,United Kingdom,184,130,486
2017-06-01,GURU,United Kingdom,184,130,606
2017-06-01,GURU,United Kingdom,184,130,276
2017-06-01,GURU,United Kingdom,184,130,389
2017-06-01,GURU,United Kingdom,184,130,604
2017-06-01,PRO,France,93,63,480
2017-07-01,PRO,United States,98,77,482
2017-07-01,PRO,United States,98,77,209
2017-07-01,PRO,United States,98,77,442
2017-07-01,PRO,United States,98,77,306
2017-07-01,PRO,United States,98,77,304
2017-07-01,GURU,Canada,105,78,296
2017-07-01,GURU,Canada,105,78,419
2017-07-01,GURU,Canada,105,78,553
2017-07-01,GURU,Canada,105,78,635
2017-07-01,GURU,Canada,105,78,667
2017-07-01,BUSINESS,United Kingdom,15,16,87
2017-07-01,BUSINESS,United Kingdom,15,16,68
2017-07-01,BUSINESS,United Kingdom,15,16,25
2017-07-01,BUSINESS,United Kingdom,15,16,51
2017-07-01,BUSINESS,United Kingdom,15,16,55
2017-07-01,PRO,United Kingdom,87,87,482
2017-07-01,PRO,United Kingdom,87,87,209
2017-07-01,PRO,United Kingdom,87,87,442
2017-07-01,PRO,United Kingdom,87,87,306
2017-07-01,PRO,United Kingdom,87,87,304
2017-07-01,GURU,United Kingdom,196,168,296
2017-07-01,GURU,United Kingdom,196,168,419
2017-07-01,GURU,United Kingdom,196,168,553
2017-07-01,GURU,United Kingdom,196,168,635
2017-07-01,GURU,United Kingdom,196,168,667
2017-07-01,BUSINESS,Canada,7,4,87
2017-07-01,BUSINESS,Canada,7,4,68
2017-07-01,BUSINESS,Canada,7,4,25
2017-07-01,BUSINESS,Canada,7,4,51
2017-07-01,BUSINESS,Canada,7,4,55
2017-07-01,PRO,Canada,52,31,482
2017-07-01,PRO,Canada,52,31,209
2017-07-01,PRO,Canada,52,31,442
2017-07-01,PRO,Canada,52,31,306
2017-07-01,PRO,Canada,52,31,304
2017-07-01,PRO,France,123,64,482
2017-07-01,PRO,France,123,64,209
2017-07-01,PRO,France,123,64,442
2017-07-01,PRO,France,123,64,306
2017-07-01,PRO,France,123,64,304
2017-07-01,PRO,India,57,47,482
2017-07-01,PRO,India,57,47,209
2017-07-01,PRO,India,57,47,442
2017-07-01,PRO,India,57,47,306
2017-07-01,PRO,India,57,47,304
2017-07-01,BUSINESS,United States,16,6,87
2017-07-01,BUSINESS,United States,16,6,68
2017-07-01,BUSINESS,United States,16,6,25
2017-07-01,BUSINESS,United States,16,6,51
2017-07-01,BUSINESS,United States,16,6,55
2017-07-01,GURU,United States,147,151,296
2017-07-01,GURU,United States,147,151,419
2017-07-01,GURU,United States,147,151,553
2017-07-01,GURU,United States,147,151,635
2017-07-01,GURU,United States,147,151,667
2017-07-01,GURU,India,121,88,296
2017-07-01,GURU,India,121,88,419
2017-07-01,GURU,India,121,88,553
2017-07-01,GURU,India,121,88,635
2017-07-01,GURU,India,121,88,667
2017-07-01,BUSINESS,France,21,14,87
2017-07-01,BUSINESS,France,21,14,68
2017-07-01,BUSINESS,France,21,14,25
2017-07-01,BUSINESS,France,21,14,51
2017-07-01,GURU,France,270,171,296
2017-07-01,GURU,France,270,171,419
2017-07-01,GURU,France,270,171,553
2017-07-01,GURU,France,270,171,635
2017-07-01,GURU,France,270,171,667
2017-07-01,BUSINESS,India,10,5,87
2017-07-01,BUSINESS,India,10,5,68
2017-07-01,BUSINESS,India,10,5,25
2017-07-01,BUSINESS,India,10,5,51
2017-07-01,BUSINESS,France,21,14,55
2017-07-01,BUSINESS,India,10,5,55
2017-08-01,GURU,United Kingdom,202,154,626
2017-08-01,GURU,United Kingdom,202,154,326
2017-08-01,GURU,United Kingdom,202,154,703
2017-08-01,GURU,United Kingdom,202,154,654
2017-08-01,GURU,United Kingdom,202,154,451
2017-08-01,PRO,Canada,48,49,360
2017-08-01,PRO,Canada,48,49,507
2017-08-01,PRO,Canada,48,49,439
2017-08-01,PRO,Canada,48,49,316
2017-08-01,PRO,Canada,48,49,228
2017-08-01,BUSINESS,United Kingdom,12,16,81
2017-08-01,BUSINESS,United Kingdom,12,16,27
2017-08-01,BUSINESS,United Kingdom,12,16,79
2017-08-01,BUSINESS,United Kingdom,12,16,55
2017-08-01,BUSINESS,United Kingdom,12,16,65
2017-08-01,GURU,United States,199,143,626
2017-08-01,GURU,United States,199,143,326
2017-08-01,GURU,United States,199,143,703
2017-08-01,GURU,United States,199,143,654
2017-08-01,GURU,United States,199,143,451
2017-08-01,PRO,United Kingdom,89,85,360
2017-08-01,PRO,United Kingdom,89,85,507
2017-08-01,PRO,United Kingdom,89,85,439
2017-08-01,PRO,United Kingdom,89,85,316
2017-08-01,PRO,United Kingdom,89,85,228
2017-08-01,BUSINESS,Canada,6,6,81
2017-08-01,BUSINESS,Canada,6,6,27
2017-08-01,BUSINESS,Canada,6,6,79
2017-08-01,BUSINESS,Canada,6,6,55
2017-08-01,BUSINESS,Canada,6,6,65
2017-08-01,GURU,Canada,115,93,626
2017-08-01,GURU,Canada,115,93,326
2017-08-01,GURU,Canada,115,93,703
2017-08-01,GURU,Canada,115,93,654
2017-08-01,GURU,Canada,115,93,451
2017-08-01,BUSINESS,United States,16,12,81
2017-08-01,BUSINESS,United States,16,12,27
2017-08-01,BUSINESS,United States,16,12,79
2017-08-01,BUSINESS,United States,16,12,55
2017-08-01,BUSINESS,United States,16,12,65
2017-08-01,PRO,United States,108,93,360
2017-08-01,PRO,United States,108,93,507
2017-08-01,PRO,United States,108,93,439
2017-08-01,PRO,United States,108,93,316
2017-08-01,PRO,United States,108,93,228
2017-08-01,GURU,India,156,105,626
2017-08-01,GURU,India,156,105,326
2017-08-01,GURU,India,156,105,703
2017-08-01,GURU,India,156,105,654
2017-08-01,GURU,India,156,105,451
2017-08-01,PRO,India,49,55,360
2017-08-01,PRO,India,49,55,507
2017-08-01,PRO,India,49,55,439
2017-08-01,PRO,India,49,55,316
2017-08-01,PRO,India,49,55,228
2017-08-01,BUSINESS,France,26,17,81
2017-08-01,BUSINESS,France,26,17,27
2017-08-01,BUSINESS,France,26,17,79
2017-08-01,BUSINESS,France,26,17,55
2017-08-01,BUSINESS,France,26,17,65
2017-08-01,GURU,France,324,202,626
2017-08-01,GURU,France,324,202,326
2017-08-01,GURU,France,324,202,703
2017-08-01,GURU,France,324,202,654
2017-08-01,GURU,France,324,202,451
2017-08-01,PRO,France,149,90,360
2017-08-01,PRO,France,149,90,507
2017-08-01,PRO,France,149,90,439
2017-08-01,PRO,France,149,90,316
2017-08-01,PRO,France,149,90,228
2017-08-01,BUSINESS,India,15,8,81
2017-08-01,BUSINESS,India,15,8,27
2017-08-01,BUSINESS,India,15,8,79
2017-08-01,BUSINESS,India,15,8,55
2017-08-01,BUSINESS,India,15,8,65
2017-09-01,PRO,India,64,50,514
2017-09-01,PRO,India,64,50,219
2017-09-01,PRO,India,64,50,453
2017-09-01,PRO,India,64,50,420
2017-09-01,PRO,India,64,50,308
2017-09-01,PRO,United Kingdom,87,112,514
2017-09-01,PRO,United Kingdom,87,112,219
2017-09-01,PRO,United Kingdom,87,112,453
2017-09-01,PRO,United Kingdom,87,112,420
2017-09-01,PRO,United Kingdom,87,112,308
2017-09-01,GURU,United States,212,167,745
2017-09-01,GURU,United States,212,167,691
2017-09-01,GURU,United States,212,167,356
2017-09-01,GURU,United States,212,167,502
2017-09-01,GURU,United States,212,167,775
2017-09-01,PRO,Canada,63,48,514
2017-09-01,PRO,Canada,63,48,219
2017-09-01,PRO,Canada,63,48,453
2017-09-01,PRO,Canada,63,48,420
2017-09-01,PRO,Canada,63,48,308
2017-09-01,BUSINESS,India,14,12,73
2017-09-01,BUSINESS,India,14,12,27
2017-09-01,BUSINESS,India,14,12,82
2017-09-01,BUSINESS,India,14,12,64
2017-09-01,BUSINESS,India,14,12,74
2017-09-01,GURU,Canada,130,96,745
2017-09-01,GURU,Canada,130,96,691
2017-09-01,GURU,Canada,130,96,356
2017-09-01,GURU,Canada,130,96,502
2017-09-01,GURU,Canada,130,96,775
2017-09-01,PRO,United States,80,102,514
2017-09-01,PRO,United States,80,102,219
2017-09-01,PRO,United States,80,102,453
2017-09-01,PRO,United States,80,102,420
2017-09-01,PRO,United States,80,102,308
2017-09-01,BUSINESS,France,31,16,73
2017-09-01,BUSINESS,France,31,16,27
2017-09-01,BUSINESS,France,31,16,82
2017-09-01,BUSINESS,France,31,16,64
2017-09-01,BUSINESS,France,31,16,74
2017-09-01,GURU,United Kingdom,190,165,745
2017-09-01,GURU,United Kingdom,190,165,691
2017-09-01,GURU,United Kingdom,190,165,356
2017-09-01,BUSINESS,United Kingdom,17,17,73
2017-09-01,BUSINESS,United Kingdom,17,17,27
2017-09-01,BUSINESS,United Kingdom,17,17,82
2017-09-01,BUSINESS,United Kingdom,17,17,64
2017-09-01,BUSINESS,United Kingdom,17,17,74
2017-09-01,GURU,India,165,125,745
2017-09-01,GURU,India,165,125,691
2017-09-01,GURU,India,165,125,356
2017-09-01,GURU,India,165,125,502
2017-09-01,GURU,India,165,125,775
2017-09-01,PRO,France,163,115,514
2017-09-01,PRO,France,163,115,219
2017-09-01,PRO,France,163,115,453
2017-09-01,PRO,France,163,115,420
2017-09-01,PRO,France,163,115,308
2017-09-01,BUSINESS,United States,20,21,73
2017-09-01,BUSINESS,United States,20,21,27
2017-09-01,BUSINESS,United States,20,21,82
2017-09-01,BUSINESS,United States,20,21,64
2017-09-01,BUSINESS,United States,20,21,74
2017-09-01,GURU,France,357,242,745
2017-09-01,GURU,France,357,242,691
2017-09-01,GURU,France,357,242,356
2017-09-01,GURU,France,357,242,502
2017-09-01,GURU,France,357,242,775
2017-09-01,BUSINESS,Canada,7,7,73
2017-09-01,BUSINESS,Canada,7,7,27
2017-09-01,BUSINESS,Canada,7,7,82
2017-09-01,BUSINESS,Canada,7,7,64
2017-09-01,BUSINESS,Canada,7,7,74
2017-09-01,GURU,United Kingdom,190,165,502
2017-09-01,GURU,United Kingdom,190,165,775
2017-10-01,BUSINESS,India,12,17,74
2017-10-01,BUSINESS,India,12,17,77
2017-10-01,BUSINESS,India,12,17,30
2017-10-01,BUSINESS,India,12,17,65
2017-10-01,BUSINESS,India,12,17,86
2017-10-01,PRO,United States,81,105,427
2017-10-01,PRO,United States,81,105,458
2017-10-01,PRO,United States,81,105,234
2017-10-01,PRO,United States,81,105,310
2017-10-01,PRO,United States,81,105,492
2017-10-01,PRO,France,228,145,427
2017-10-01,PRO,France,228,145,458
2017-10-01,PRO,France,228,145,234
2017-10-01,PRO,France,228,145,310
2017-10-01,PRO,France,228,145,492
2017-10-01,GURU,United Kingdom,197,172,740
2017-10-01,GURU,United Kingdom,197,172,555
2017-10-01,GURU,United Kingdom,197,172,903
2017-10-01,GURU,United Kingdom,197,172,770
2017-10-01,GURU,United Kingdom,197,172,387
2017-10-01,BUSINESS,France,35,22,74
2017-10-01,BUSINESS,France,35,22,77
2017-10-01,BUSINESS,France,35,22,30
2017-10-01,BUSINESS,France,35,22,65
2017-10-01,BUSINESS,France,35,22,86
2017-10-01,PRO,India,77,73,427
2017-10-01,PRO,India,77,73,458
2017-10-01,PRO,India,77,73,234
2017-10-01,PRO,India,77,73,310
2017-10-01,PRO,India,77,73,492
2017-10-01,GURU,Canada,148,136,740
2017-10-01,GURU,Canada,148,136,555
2017-10-01,GURU,Canada,148,136,903
2017-10-01,GURU,Canada,148,136,770
2017-10-01,GURU,Canada,148,136,387
2017-10-01,BUSINESS,United States,19,20,74
2017-10-01,BUSINESS,United States,19,20,77
2017-10-01,BUSINESS,United States,19,20,30
2017-10-01,BUSINESS,United States,19,20,65
2017-10-01,BUSINESS,United States,19,20,86
2017-10-01,GURU,France,421,305,740
2017-10-01,GURU,France,421,305,555
2017-10-01,GURU,France,421,305,903
2017-10-01,GURU,France,421,305,770
2017-10-01,GURU,France,421,305,387
2017-10-01,PRO,United Kingdom,101,98,427
2017-10-01,PRO,United Kingdom,101,98,458
2017-10-01,PRO,United Kingdom,101,98,234
2017-10-01,PRO,United Kingdom,101,98,310
2017-10-01,PRO,United Kingdom,101,98,492
2017-10-01,GURU,India,126,136,740
2017-10-01,GURU,India,126,136,555
2017-10-01,GURU,India,126,136,903
2017-10-01,GURU,India,126,136,770
2017-10-01,GURU,India,126,136,387
2017-10-01,PRO,Canada,55,59,427
2017-10-01,PRO,Canada,55,59,458
2017-10-01,PRO,Canada,55,59,234
2017-10-01,PRO,Canada,55,59,310
2017-10-01,PRO,Canada,55,59,492
2017-10-01,BUSINESS,United Kingdom,17,15,74
2017-10-01,BUSINESS,United Kingdom,17,15,77
2017-10-01,BUSINESS,United Kingdom,17,15,30
2017-10-01,BUSINESS,United Kingdom,17,15,65
2017-10-01,BUSINESS,United Kingdom,17,15,86
2017-10-01,GURU,United States,175,197,740
2017-10-01,GURU,United States,175,197,555
2017-10-01,GURU,United States,175,197,903
2017-10-01,GURU,United States,175,197,770
2017-10-01,GURU,United States,175,197,387
2017-10-01,BUSINESS,Canada,8,7,74
2017-10-01,BUSINESS,Canada,8,7,77
2017-10-01,BUSINESS,Canada,8,7,30
2017-10-01,BUSINESS,Canada,8,7,65
2017-10-01,BUSINESS,Canada,8,7,86
2017-11-01,PRO,France,227,195,230
2017-11-01,PRO,France,227,195,321
2017-11-01,PRO,France,227,195,542
2017-11-01,PRO,France,227,195,466
2017-11-01,PRO,United States,89,105,230
2017-11-01,PRO,United States,89,105,321
2017-11-01,PRO,United States,89,105,542
2017-11-01,PRO,United States,89,105,466
2017-11-01,PRO,United States,89,105,430
2017-11-01,GURU,Canada,144,136,539
2017-11-01,GURU,Canada,144,136,399
2017-11-01,GURU,Canada,144,136,798
2017-11-01,GURU,Canada,144,136,1019
2017-11-01,GURU,Canada,144,136,720
2017-11-01,BUSINESS,United Kingdom,15,23,59
2017-11-01,BUSINESS,United Kingdom,15,23,76
2017-11-01,BUSINESS,United Kingdom,15,23,98
2017-11-01,BUSINESS,United Kingdom,15,23,73
2017-11-01,BUSINESS,United Kingdom,15,23,31
2017-11-01,PRO,France,227,195,430
2017-11-01,PRO,India,70,99,230
2017-11-01,PRO,India,70,99,321
2017-11-01,PRO,India,70,99,542
2017-11-01,PRO,India,70,99,466
2017-11-01,PRO,India,70,99,430
2017-11-01,GURU,United Kingdom,208,202,539
2017-11-01,GURU,United Kingdom,208,202,399
2017-11-01,GURU,United Kingdom,208,202,798
2017-11-01,GURU,United Kingdom,208,202,1019
2017-11-01,GURU,United Kingdom,208,202,720
2017-11-01,BUSINESS,Canada,7,8,59
2017-11-01,BUSINESS,Canada,7,8,76
2017-11-01,BUSINESS,Canada,7,8,98
2017-11-01,BUSINESS,Canada,7,8,73
2017-11-01,BUSINESS,Canada,7,8,31
2017-11-01,GURU,India,145,159,539
2017-11-01,GURU,India,145,159,399
2017-11-01,GURU,India,145,159,798
2017-11-01,GURU,India,145,159,1019
2017-11-01,GURU,India,145,159,720
2017-11-01,BUSINESS,France,39,37,59
2017-11-01,BUSINESS,France,39,37,76
2017-11-01,BUSINESS,France,39,37,98
2017-11-01,BUSINESS,France,39,37,73
2017-11-01,BUSINESS,France,39,37,31
2017-11-01,GURU,France,480,368,539
2017-11-01,GURU,France,480,368,399
2017-11-01,GURU,France,480,368,798
2017-11-01,GURU,France,480,368,1019
2017-11-01,GURU,France,480,368,720
2017-11-01,BUSINESS,India,9,15,59
2017-11-01,BUSINESS,India,9,15,76
2017-11-01,BUSINESS,India,9,15,98
2017-11-01,BUSINESS,India,9,15,73
2017-11-01,BUSINESS,India,9,15,31
2017-11-01,PRO,United Kingdom,97,116,230
2017-11-01,PRO,United Kingdom,97,116,321
2017-11-01,PRO,United Kingdom,97,116,542
2017-11-01,PRO,United Kingdom,97,116,466
2017-11-01,PRO,United Kingdom,97,116,430
2017-11-01,BUSINESS,United States,10,22,59
2017-11-01,BUSINESS,United States,10,22,76
2017-11-01,BUSINESS,United States,10,22,98
2017-11-01,BUSINESS,United States,10,22,73
2017-11-01,BUSINESS,United States,10,22,31
2017-11-01,GURU,United States,185,194,539
2017-11-01,GURU,United States,185,194,399
2017-11-01,GURU,United States,185,194,798
2017-11-01,GURU,United States,185,194,1019
2017-11-01,GURU,United States,185,194,720
2017-11-01,PRO,Canada,63,58,230
2017-11-01,PRO,Canada,63,58,321
2017-11-01,PRO,Canada,63,58,542
2017-11-01,PRO,Canada,63,58,466
2017-11-01,PRO,Canada,63,58,430
2017-12-01,PRO,United Kingdom,75,132,444
2017-12-01,PRO,United Kingdom,75,132,569
2017-12-01,PRO,United Kingdom,75,132,292
2017-12-01,PRO,United Kingdom,75,132,232
2017-12-01,PRO,United Kingdom,75,132,406
2017-12-01,GURU,India,117,161,1134
2017-12-01,GURU,India,117,161,810
2017-12-01,GURU,India,117,161,410
2017-12-01,GURU,India,117,161,527
2017-12-01,GURU,India,117,161,720
2017-12-01,PRO,United States,84,126,444
2017-12-01,PRO,United States,84,126,569
2017-12-01,PRO,United States,84,126,292
2017-12-01,PRO,United States,84,126,232
2017-12-01,PRO,United States,84,126,406
2017-12-01,BUSINESS,India,6,13,51
2017-12-01,BUSINESS,India,6,13,30
2017-12-01,BUSINESS,India,6,13,64
2017-12-01,BUSINESS,India,6,13,102
2017-12-01,BUSINESS,India,6,13,61
2017-12-01,PRO,Canada,59,78,444
2017-12-01,PRO,Canada,59,78,569
2017-12-01,PRO,Canada,59,78,292
2017-12-01,PRO,Canada,59,78,232
2017-12-01,PRO,Canada,59,78,406
2017-12-01,GURU,France,384,482,1134
2017-12-01,GURU,France,384,482,810
2017-12-01,GURU,France,384,482,410
2017-12-01,GURU,France,384,482,527
2017-12-01,GURU,France,384,482,720
2017-12-01,BUSINESS,France,34,37,51
2017-12-01,BUSINESS,France,34,37,30
2017-12-01,BUSINESS,France,34,37,64
2017-12-01,BUSINESS,France,34,37,102
2017-12-01,BUSINESS,France,34,37,61
2017-12-01,GURU,Canada,112,174,1134
2017-12-01,GURU,Canada,112,174,810
2017-12-01,GURU,Canada,112,174,410
2017-12-01,GURU,Canada,112,174,527
2017-12-01,GURU,Canada,112,174,720
2017-12-01,BUSINESS,Canada,10,9,51
2017-12-01,BUSINESS,Canada,10,9,30
2017-12-01,BUSINESS,Canada,10,9,64
2017-12-01,BUSINESS,Canada,10,9,102
2017-12-01,BUSINESS,Canada,10,9,61
2017-12-01,GURU,United Kingdom,163,247,1134
2017-12-01,GURU,United Kingdom,163,247,810
2017-12-01,GURU,United Kingdom,163,247,410
2017-12-01,GURU,United Kingdom,163,247,527
2017-12-01,GURU,United Kingdom,163,247,720
2017-12-01,BUSINESS,United Kingdom,12,19,51
2017-12-01,BUSINESS,United Kingdom,12,19,30
2017-12-01,BUSINESS,United Kingdom,12,19,64
2017-12-01,BUSINESS,United Kingdom,12,19,102
2017-12-01,BUSINESS,United Kingdom,12,19,61
2017-12-01,GURU,United States,186,218,1134
2017-12-01,GURU,United States,186,218,810
2017-12-01,GURU,United States,186,218,410
2017-12-01,GURU,United States,186,218,527
2017-12-01,GURU,United States,186,218,720
2017-12-01,PRO,India,807,99,444
2017-12-01,PRO,India,807,99,569
2017-12-01,PRO,India,807,99,292
2017-12-01,PRO,India,807,99,232
2017-12-01,PRO,India,807,99,406
2017-12-01,BUSINESS,United States,14,13,51
2017-12-01,BUSINESS,United States,14,13,30
2017-12-01,BUSINESS,United States,14,13,64
2017-12-01,BUSINESS,United States,14,13,102
2017-12-01,BUSINESS,United States,14,13,61
2017-12-01,PRO,France,166,242,444
2017-12-01,PRO,France,166,242,569
2017-12-01,PRO,France,166,242,292
2017-12-01,PRO,France,166,242,232
2017-12-01,PRO,France,166,242,406
